annual_income,loan_amount,credit_history_yrs,num_late_payments,debt_to_income,employment_yrs,num_open_accounts,approved
72417.85,9598.57,23.0,3,0.1325,25.0,5.0,0
56543.39,13843.85,18.0,2,0.2448,15.0,7.0,0
76192.21,8660.64,9.0,1,0.1137,11.0,3.0,0
98075.75,12536.31,23.0,1,0.1278,6.0,1.0,0
54146.17,1000.0,7.0,4,0.0185,15.0,1.0,0
54146.58,16706.35,20.0,2,0.3085,22.0,11.0,0
99480.32,15009.64,23.0,1,0.1509,22.0,2.0,0
79185.87,8463.29,5.0,1,0.1069,26.0,8.0,0
48263.14,20273.97,20.0,1,0.4201,12.0,1.0,0
73564.0,22500.56,24.0,0,0.3059,28.0,11.0,1
48414.56,2139.52,6.0,3,0.0442,22.0,5.0,0
48356.76,8898.2,23.0,2,0.184,2.0,9.0,0
66049.06,8846.86,0.0,0,0.1339,14.0,9.0,0
15000.0,7480.78,17.0,5,0.4987,27.0,2.0,0
16877.05,21635.8,23.0,0,0.95,2.0,7.0,0
45942.81,13449.39,24.0,1,0.2927,6.0,11.0,0
34679.22,12883.88,19.0,3,0.3715,29.0,1.0,0
67856.18,1000.0,11.0,1,0.0147,17.0,3.0,0
37299.4,20083.34,15.0,2,0.5384,13.0,6.0,0
24692.41,5085.93,9.0,2,0.206,17.0,9.0,0
96641.22,15479.46,9.0,1,0.1602,18.0,10.0,0
54355.59,17219.02,13.0,3,0.3168,13.0,2.0,0
61688.21,25885.27,24.0,1,0.4196,19.0,7.0,0
24381.3,4529.44,19.0,2,0.1858,5.0,4.0,0
46390.43,1000.0,9.0,2,0.0216,28.0,2.0,0
62773.06,16470.8,9.0,2,0.2624,7.0,3.0,0
31225.16,29404.09,24.0,0,0.9417,25.0,6.0,0
69392.45,24911.57,10.0,1,0.359,25.0,10.0,0
44984.03,16677.28,22.0,4,0.3707,6.0,9.0,0
52707.66,11066.91,1.0,0,0.21,19.0,8.0,0
44957.33,21456.98,24.0,1,0.4773,17.0,10.0,0
106306.95,7211.63,19.0,0,0.0678,17.0,11.0,0
59662.57,18810.86,7.0,2,0.3153,14.0,9.0,0
33557.23,19043.76,22.0,4,0.5675,19.0,4.0,0
80563.62,23481.68,6.0,3,0.2915,21.0,4.0,0
29478.91,37077.28,7.0,0,0.95,18.0,9.0,0
65221.59,18139.33,0.0,1,0.2781,21.0,8.0,0
15000.0,10928.29,20.0,0,0.7286,20.0,2.0,0
26795.35,14795.41,1.0,1,0.5522,20.0,8.0,0
64921.53,1000.0,17.0,3,0.0154,1.0,1.0,0
78461.66,9442.29,14.0,0,0.1203,7.0,9.0,0
64284.21,11725.74,0.0,3,0.1824,20.0,9.0,0
57108.79,10807.29,4.0,2,0.1892,10.0,8.0,0
52472.41,16218.84,1.0,2,0.3091,17.0,11.0,0
23036.95,8420.64,19.0,1,0.3655,22.0,5.0,0
42003.89,23968.25,2.0,2,0.5706,12.0,5.0,0
48484.03,15001.66,18.0,1,0.3094,8.0,3.0,0
86428.06,14925.6,17.0,1,0.1727,8.0,5.0,0
68590.46,12376.84,21.0,6,0.1804,16.0,4.0,0
15924.0,16241.53,17.0,2,0.95,6.0,1.0,0
68102.1,21600.79,13.0,1,0.3172,8.0,9.0,0
50372.94,8062.96,23.0,2,0.1601,21.0,10.0,0
43076.95,9735.07,7.0,0,0.226,0.0,4.0,0
75291.91,12570.19,11.0,0,0.167,1.0,3.0,1
85774.99,4233.03,20.0,2,0.0494,3.0,6.0,0
83282.0,8445.94,9.0,2,0.1014,13.0,1.0,1
39019.56,11190.23,22.0,1,0.2868,3.0,5.0,0
52269.69,21995.11,19.0,0,0.4208,1.0,7.0,0
68281.59,17100.49,16.0,1,0.2504,7.0,2.0,0
84388.63,16548.72,10.0,1,0.1961,17.0,10.0,0
48020.64,21807.18,1.0,0,0.4541,18.0,9.0,0
55358.53,13901.03,3.0,1,0.2511,13.0,6.0,0
32341.63,18123.72,0.0,0,0.5604,19.0,2.0,0
30094.83,14174.23,14.0,1,0.471,24.0,8.0,0
80313.15,17122.9,12.0,0,0.2132,9.0,8.0,0
93906.0,10337.93,7.0,5,0.1101,16.0,1.0,0
58199.75,1000.0,24.0,4,0.0172,7.0,1.0,0
85088.32,13925.77,3.0,3,0.1637,27.0,1.0,0
69040.9,26381.99,9.0,1,0.3821,13.0,4.0,0
43872.01,22409.72,18.0,1,0.5108,20.0,4.0,0
69034.89,22723.18,17.0,0,0.3292,22.0,8.0,0
98450.91,24889.05,4.0,1,0.2528,7.0,1.0,0
59104.35,15709.26,18.0,3,0.2658,4.0,10.0,0
99116.09,16578.53,22.0,2,0.1673,15.0,3.0,0
15000.0,10058.78,21.0,0,0.6706,7.0,11.0,0
80547.56,12471.42,15.0,1,0.1548,9.0,1.0,0
62176.18,19926.17,0.0,3,0.3205,26.0,9.0,0
52524.82,24631.08,11.0,2,0.4689,7.0,10.0,0
62294.02,13884.43,23.0,1,0.2229,8.0,9.0,0
15000.0,11398.49,1.0,2,0.7599,17.0,7.0,0
54508.2,15004.22,20.0,1,0.2753,2.0,8.0,0
68927.81,19809.65,24.0,2,0.2874,16.0,1.0,0
96947.35,3449.16,7.0,2,0.0356,19.0,5.0,0
47043.24,1000.0,17.0,0,0.0213,14.0,2.0,0
39787.66,10595.71,24.0,2,0.2663,20.0,1.0,1
47456.07,5234.3,15.0,1,0.1103,26.0,3.0,0
82885.05,10934.88,4.0,1,0.1319,16.0,7.0,0
68218.78,13817.76,21.0,2,0.2026,7.0,1.0,0
46755.99,11374.01,12.0,1,0.2433,1.0,11.0,0
72831.69,26619.74,18.0,1,0.3655,16.0,2.0,0
62426.94,17613.96,2.0,0,0.2822,17.0,2.0,0
84216.12,17403.79,7.0,1,0.2067,28.0,4.0,0
42448.67,19977.66,11.0,2,0.4706,4.0,3.0,0
51808.45,5889.34,1.0,1,0.1137,8.0,3.0,0
50197.3,23312.89,10.0,3,0.4644,8.0,10.0,0
23412.13,14393.89,11.0,2,0.6148,1.0,5.0,0
67403.01,20363.84,17.0,0,0.3021,1.0,3.0,0
66526.38,6425.14,12.0,0,0.0966,18.0,11.0,0
60127.84,2569.93,4.0,2,0.0427,22.0,7.0,0
54135.32,21543.12,21.0,3,0.3979,26.0,5.0,0
24615.73,18011.28,11.0,0,0.7317,2.0,4.0,0
49483.87,7783.59,1.0,2,0.1573,16.0,3.0,0
51432.14,8042.7,4.0,2,0.1564,13.0,4.0,0
39943.07,24003.48,6.0,2,0.6009,13.0,2.0,0
55967.86,5484.7,23.0,0,0.098,13.0,1.0,0
70101.27,28141.38,11.0,2,0.4014,5.0,3.0,0
107154.65,7795.03,15.0,2,0.0727,2.0,11.0,0
64364.45,20107.14,22.0,0,0.3124,0.0,2.0,0
66438.76,12371.05,7.0,0,0.1862,29.0,1.0,0
58138.85,19825.5,8.0,1,0.341,15.0,1.0,0
15000.0,10647.09,14.0,1,0.7098,28.0,2.0,0
59337.15,13697.66,4.0,1,0.2308,3.0,9.0,0
61505.76,15327.35,12.0,1,0.2492,28.0,5.0,0
121581.05,6982.5,4.0,2,0.0574,0.0,9.0,0
55190.98,20926.59,10.0,3,0.3792,16.0,8.0,0
67538.68,10894.29,9.0,1,0.1613,27.0,11.0,0
59132.21,13171.2,19.0,3,0.2227,17.0,6.0,0
30783.05,7045.21,12.0,2,0.2289,25.0,1.0,0
88570.57,1000.0,8.0,3,0.0113,7.0,10.0,0
78798.33,13471.78,20.0,2,0.171,1.0,5.0,0
79775.8,34300.92,13.0,4,0.43,26.0,1.0,0
37265.31,21276.83,17.0,2,0.571,17.0,7.0,0
95069.86,14845.92,14.0,1,0.1562,26.0,10.0,0
24953.72,12896.87,9.0,1,0.5168,26.0,11.0,0
74671.43,15179.73,23.0,0,0.2033,15.0,8.0,0
114761.39,19376.95,6.0,1,0.1688,25.0,8.0,0
35236.59,5553.5,7.0,1,0.1576,9.0,7.0,0
45842.56,23914.57,2.0,3,0.5217,7.0,2.0,0
62491.28,20723.05,14.0,1,0.3316,11.0,5.0,0
47413.11,20745.49,15.0,0,0.4375,21.0,4.0,0
21233.41,18507.81,3.0,2,0.8716,15.0,5.0,0
61714.07,15156.93,20.0,0,0.2456,11.0,10.0,0
33442.41,20382.89,5.0,0,0.6095,10.0,9.0,0
71839.81,19734.51,0.0,2,0.2747,19.0,4.0,0
37014.39,12167.67,3.0,2,0.3287,18.0,8.0,0
98748.36,10411.19,10.0,1,0.1054,0.0,8.0,0
40418.67,15814.85,11.0,1,0.3913,26.0,2.0,0
51948.46,27392.16,4.0,0,0.5273,2.0,6.0,0
80337.93,5087.14,22.0,1,0.0633,11.0,5.0,0
29228.39,3259.8,20.0,1,0.1115,29.0,2.0,1
65686.5,16318.09,15.0,1,0.2484,8.0,10.0,0
92678.57,15407.1,12.0,4,0.1662,20.0,4.0,0
19812.92,16386.73,12.0,2,0.8271,28.0,7.0,0
64615.85,16951.63,16.0,2,0.2623,21.0,1.0,0
66497.07,13214.38,6.0,1,0.1987,4.0,9.0,0
79545.57,26918.91,7.0,5,0.3384,0.0,10.0,0
29076.23,2192.77,12.0,1,0.0754,9.0,1.0,0
26988.58,8372.02,22.0,3,0.3102,16.0,5.0,0
73048.54,14173.96,15.0,1,0.194,3.0,7.0,0
67424.62,1854.49,3.0,2,0.0275,14.0,8.0,0
66262.32,13593.16,7.0,2,0.2051,18.0,2.0,0
68661.21,28291.76,15.0,0,0.412,26.0,4.0,1
42999.38,15167.09,20.0,1,0.3527,7.0,2.0,0
65806.34,16845.61,9.0,3,0.256,27.0,4.0,0
67326.81,4918.68,24.0,2,0.0731,27.0,6.0,0
42141.21,10069.11,11.0,2,0.2389,22.0,6.0,0
106644.36,11998.43,11.0,2,0.1125,14.0,2.0,0
71845.82,12458.28,4.0,0,0.1734,26.0,11.0,0
30217.41,25253.15,15.0,4,0.8357,6.0,4.0,0
76413.84,19461.53,0.0,0,0.2547,14.0,4.0,0
35632.96,6108.34,8.0,2,0.1714,7.0,1.0,0
79677.12,16972.04,11.0,1,0.213,29.0,2.0,0
88964.89,18985.77,4.0,0,0.2134,25.0,3.0,0
39482.94,24121.19,21.0,0,0.6109,22.0,11.0,0
84084.4,27644.33,19.0,2,0.3288,9.0,5.0,0
70319.52,6879.25,21.0,2,0.0978,17.0,11.0,0
80551.5,8513.14,23.0,0,0.1057,3.0,8.0,0
107419.82,4939.38,2.0,0,0.046,14.0,6.0,0
53865.3,13127.84,4.0,2,0.2437,10.0,3.0,0
41156.6,18730.87,1.0,2,0.4551,21.0,6.0,0
37762.14,22898.68,13.0,1,0.6064,2.0,7.0,0
39604.74,14392.39,1.0,2,0.3634,14.0,6.0,0
58072.46,12441.22,12.0,1,0.2142,2.0,10.0,0
68528.8,16214.06,6.0,3,0.2366,14.0,6.0,0
66917.27,8318.86,9.0,1,0.1243,5.0,1.0,0
80679.58,31716.31,12.0,1,0.3931,0.0,3.0,0
60325.05,2138.71,15.0,6,0.0355,13.0,7.0,0
96338.35,16477.92,13.0,1,0.171,15.0,4.0,1
53383.58,31188.85,10.0,1,0.5842,0.0,4.0,0
128004.23,15054.4,9.0,2,0.1176,20.0,7.0,0
75641.68,13479.69,5.0,0,0.1782,16.0,9.0,0
38571.06,12140.44,3.0,1,0.3148,25.0,11.0,0
33227.69,13556.87,20.0,0,0.408,7.0,2.0,0
72061.81,25982.79,0.0,0,0.3606,17.0,9.0,0
54413.43,1000.0,6.0,1,0.0184,15.0,3.0,0
77850.01,27267.47,23.0,3,0.3503,5.0,6.0,0
71830.94,3608.34,8.0,2,0.0502,9.0,4.0,0
58179.28,12866.78,7.0,0,0.2212,9.0,1.0,0
38830.16,11566.04,4.0,2,0.2979,4.0,9.0,0
22128.82,19708.43,18.0,1,0.8906,25.0,11.0,0
48837.13,2215.01,9.0,3,0.0454,27.0,6.0,0
81409.97,18697.38,10.0,2,0.2297,11.0,8.0,0
65352.34,31194.48,24.0,1,0.4773,19.0,2.0,0
28856.53,4094.61,14.0,0,0.1419,16.0,7.0,0
64329.52,16517.65,5.0,3,0.2568,13.0,6.0,0
69632.93,9704.14,14.0,3,0.1394,13.0,2.0,0
37903.56,18407.1,4.0,2,0.4856,2.0,2.0,0
63843.13,15153.18,18.0,2,0.2374,28.0,4.0,0
61455.22,9868.1,21.0,0,0.1606,11.0,4.0,0
31425.74,18902.98,18.0,0,0.6015,19.0,3.0,0
68944.68,29434.78,9.0,1,0.4269,17.0,8.0,0
74019.61,13472.77,11.0,1,0.182,11.0,7.0,0
87076.28,20758.06,21.0,1,0.2384,1.0,2.0,0
86345.05,4653.82,3.0,1,0.0539,1.0,3.0,0
25558.27,7348.51,17.0,2,0.2875,26.0,10.0,0
36554.37,18779.25,15.0,1,0.5137,16.0,9.0,0
72875.88,26872.93,7.0,2,0.3687,9.0,5.0,0
72844.65,17844.91,3.0,0,0.245,17.0,2.0,0
72876.19,12495.54,24.0,2,0.1715,21.0,3.0,1
156318.29,14994.33,22.0,1,0.0959,18.0,8.0,1
74272.26,4996.74,11.0,1,0.0673,25.0,4.0,0
88389.14,19836.12,1.0,3,0.2244,20.0,2.0,0
83850.04,22058.66,3.0,1,0.2631,0.0,2.0,0
76284.78,11383.28,4.0,2,0.1492,23.0,6.0,0
52118.27,11239.66,2.0,0,0.2157,28.0,8.0,0
78974.23,17127.03,8.0,1,0.2169,3.0,7.0,0
40679.37,11506.24,20.0,1,0.2829,24.0,4.0,0
54079.53,14470.94,17.0,1,0.2676,3.0,2.0,0
47865.91,31797.77,10.0,2,0.6643,29.0,9.0,0
62046.85,13023.79,2.0,1,0.2099,1.0,4.0,0
117866.46,12133.28,24.0,2,0.1029,18.0,9.0,1
15000.0,9819.67,22.0,2,0.6546,20.0,5.0,0
77156.5,20953.54,1.0,2,0.2716,11.0,11.0,0
19682.1,13550.21,8.0,1,0.6885,9.0,11.0,0
48201.7,9805.02,13.0,1,0.2034,12.0,7.0,0
87223.76,25570.43,3.0,0,0.2932,28.0,5.0,0
61607.0,26356.82,8.0,1,0.4278,29.0,2.0,0
33056.38,10196.61,12.0,0,0.3085,21.0,6.0,0
42117.41,1000.0,17.0,1,0.0237,22.0,7.0,0
76989.94,23060.11,14.0,2,0.2995,19.0,11.0,0
41740.83,9522.96,9.0,1,0.2281,22.0,6.0,0
65411.46,21325.0,15.0,0,0.326,14.0,3.0,0
61139.3,1000.0,11.0,1,0.0164,25.0,10.0,0
43709.99,22140.78,19.0,2,0.5065,2.0,8.0,0
113598.6,5310.62,4.0,2,0.0467,22.0,3.0,0
75847.98,20846.11,1.0,0,0.2748,19.0,5.0,0
15000.0,15114.18,9.0,2,0.95,28.0,9.0,0
64661.36,7368.48,0.0,2,0.114,12.0,11.0,0
43455.34,11743.71,6.0,1,0.2702,7.0,5.0,0
81310.83,20490.55,16.0,0,0.252,24.0,7.0,0
40186.98,15847.16,15.0,1,0.3943,6.0,11.0,0
57131.59,19675.3,23.0,2,0.3444,23.0,7.0,0
72624.68,30811.52,2.0,2,0.4243,7.0,5.0,0
81643.88,2486.07,13.0,3,0.0305,17.0,2.0,0
29992.59,27937.7,9.0,2,0.9315,8.0,5.0,0
51637.47,15834.85,21.0,1,0.3067,5.0,7.0,0
48126.37,7809.73,6.0,0,0.1623,26.0,7.0,0
43666.77,4357.49,16.0,2,0.0998,3.0,4.0,0
104136.36,13487.04,5.0,0,0.1295,14.0,1.0,0
70124.54,22373.2,22.0,2,0.319,4.0,6.0,0
28477.9,13979.61,21.0,4,0.4909,25.0,3.0,0
82946.55,27089.24,3.0,2,0.3266,4.0,11.0,0
113053.9,3390.59,16.0,0,0.03,6.0,5.0,0
85811.63,14903.29,8.0,2,0.1737,29.0,4.0,0
22015.75,4980.85,3.0,1,0.2262,8.0,2.0,0
47894.15,17909.06,6.0,1,0.3739,6.0,7.0,0
91672.78,22095.1,22.0,2,0.241,8.0,5.0,0
42308.26,11633.91,1.0,3,0.275,19.0,7.0,0
71095.49,1000.0,16.0,0,0.0141,9.0,9.0,0
79365.85,16591.59,23.0,4,0.2091,29.0,4.0,0
36826.74,18493.91,7.0,1,0.5022,25.0,5.0,0
58511.87,18234.36,22.0,0,0.3116,3.0,9.0,0
15000.0,24886.26,14.0,0,0.95,5.0,10.0,0
34390.31,6431.57,14.0,2,0.187,23.0,11.0,0
53685.8,20441.73,7.0,0,0.3808,13.0,4.0,0
28805.42,24540.06,15.0,4,0.8519,8.0,5.0,0
100810.28,1000.0,18.0,1,0.01,0.0,5.0,1
24246.47,17557.21,10.0,0,0.7241,16.0,8.0,0
48998.89,10966.56,1.0,3,0.2238,12.0,4.0,0
63268.51,14347.82,22.0,1,0.2268,23.0,4.0,0
96031.83,17781.41,23.0,1,0.1852,26.0,7.0,0
24103.45,11102.17,16.0,1,0.4606,6.0,11.0,0
89079.09,9594.34,15.0,1,0.1077,8.0,5.0,0
60255.83,15273.22,24.0,2,0.2535,10.0,6.0,1
35462.28,6302.03,14.0,0,0.1777,2.0,6.0,0
71552.59,6313.4,12.0,2,0.0882,25.0,6.0,0
64976.49,20434.99,14.0,4,0.3145,11.0,10.0,0
44994.58,5809.65,3.0,0,0.1291,20.0,5.0,0
61745.05,20330.5,15.0,2,0.3293,2.0,5.0,0
50367.16,18700.73,11.0,1,0.3713,14.0,9.0,0
62837.93,1193.55,3.0,2,0.019,20.0,8.0,0
76553.27,9579.48,2.0,1,0.1251,9.0,4.0,0
99650.42,24552.88,21.0,2,0.2464,0.0,7.0,1
29054.61,7150.68,16.0,2,0.2461,13.0,8.0,0
113325.83,11284.77,21.0,0,0.0996,26.0,9.0,1
15000.0,18696.49,17.0,3,0.95,19.0,5.0,0
56205.37,21267.12,24.0,0,0.3784,5.0,3.0,1
74707.93,12987.69,17.0,3,0.1738,1.0,4.0,0
67024.8,10219.92,22.0,2,0.1525,28.0,10.0,0
44432.51,26378.96,16.0,1,0.5937,22.0,6.0,0
54796.94,28911.2,11.0,5,0.5276,7.0,10.0,0
47674.98,22830.86,22.0,0,0.4789,0.0,11.0,0
45265.88,15682.55,20.0,1,0.3465,28.0,5.0,0
81240.05,8533.87,23.0,1,0.105,3.0,9.0,0
68925.39,8356.44,3.0,0,0.1212,26.0,11.0,0
42677.26,19180.11,11.0,1,0.4494,3.0,11.0,0
82490.0,18347.19,22.0,1,0.2224,28.0,3.0,1
67682.49,26212.79,21.0,1,0.3873,4.0,2.0,0
80321.55,20203.6,20.0,2,0.2515,29.0,6.0,0
75740.72,2975.36,19.0,2,0.0393,27.0,7.0,0
39275.12,23415.58,14.0,1,0.5962,27.0,5.0,0
45995.47,7015.51,22.0,1,0.1525,19.0,1.0,0
78682.34,11928.23,15.0,2,0.1516,8.0,3.0,0
75259.26,17001.6,4.0,0,0.2259,22.0,3.0,0
59477.46,30965.34,20.0,0,0.5206,12.0,4.0,0
62933.18,39879.35,14.0,2,0.6337,17.0,10.0,0
91941.62,19853.78,16.0,1,0.2159,16.0,6.0,1
45210.72,13534.43,17.0,1,0.2994,24.0,5.0,0
73677.43,19276.05,4.0,1,0.2616,0.0,1.0,0
54945.18,22101.24,12.0,0,0.4022,21.0,6.0,0
54557.97,12434.66,18.0,0,0.2279,14.0,9.0,0
87469.42,29361.69,12.0,2,0.3357,1.0,11.0,0
80635.41,16840.57,17.0,0,0.2088,15.0,1.0,0
80337.74,18981.94,13.0,0,0.2363,19.0,8.0,0
92636.97,20327.39,3.0,1,0.2194,21.0,8.0,0
60525.1,18372.69,3.0,3,0.3036,4.0,3.0,0
77048.82,21711.52,19.0,0,0.2818,26.0,9.0,0
52243.33,10061.97,19.0,3,0.1926,21.0,11.0,0
68104.16,10533.59,18.0,3,0.1547,18.0,11.0,0
56746.42,6198.77,12.0,2,0.1092,4.0,8.0,0
62424.9,18516.01,11.0,1,0.2966,1.0,3.0,0
74878.93,21231.49,6.0,1,0.2835,6.0,10.0,0
39544.48,18662.18,24.0,2,0.4719,2.0,5.0,0
112309.68,28395.94,11.0,1,0.2528,16.0,3.0,0
34849.57,14955.23,20.0,3,0.4291,29.0,5.0,0
29645.28,20349.93,3.0,1,0.6864,23.0,9.0,0
88952.77,6266.39,1.0,1,0.0704,23.0,4.0,0
79791.57,11903.2,1.0,1,0.1492,2.0,6.0,0
75603.0,20564.3,4.0,3,0.272,12.0,3.0,0
75708.64,21792.82,22.0,2,0.2879,6.0,3.0,0
59693.83,12648.26,9.0,0,0.2119,24.0,5.0,0
37568.64,14427.21,9.0,3,0.384,23.0,8.0,0
61895.11,2857.01,8.0,2,0.0462,2.0,8.0,0
43070.96,12143.77,12.0,2,0.2819,14.0,3.0,0
84377.99,22123.07,6.0,3,0.2622,28.0,8.0,0
56323.57,19601.64,4.0,2,0.348,17.0,11.0,0
39362.57,19005.33,9.0,1,0.4828,28.0,8.0,0
51965.35,15398.19,9.0,3,0.2963,9.0,3.0,0
70323.29,15056.51,5.0,3,0.2141,22.0,10.0,0
45906.89,9717.43,18.0,1,0.2117,6.0,10.0,0
39444.49,20590.63,20.0,3,0.522,8.0,2.0,0
66092.18,18367.78,7.0,2,0.2779,4.0,10.0,0
66124.16,18936.15,0.0,2,0.2864,19.0,2.0,0
47326.42,10791.72,16.0,2,0.228,7.0,9.0,0
48224.04,1000.0,6.0,2,0.0207,13.0,7.0,0
65801.25,23777.22,13.0,4,0.3613,3.0,6.0,0
23797.89,11169.3,20.0,1,0.4693,19.0,7.0,0
24813.41,8097.79,20.0,1,0.3263,27.0,8.0,0
42038.89,20547.83,16.0,1,0.4888,13.0,1.0,0
54663.82,11863.9,8.0,2,0.217,11.0,8.0,0
67772.69,23479.49,16.0,0,0.3464,1.0,3.0,0
96883.91,19936.05,4.0,1,0.2058,12.0,3.0,0
81441.49,20468.55,24.0,0,0.2513,0.0,6.0,0
56001.54,4072.35,19.0,4,0.0727,19.0,4.0,0
59524.59,24695.55,7.0,2,0.4149,6.0,4.0,0
34936.77,17090.0,5.0,4,0.4892,27.0,4.0,0
59537.17,12045.78,10.0,2,0.2023,24.0,10.0,0
52783.53,16147.11,18.0,1,0.3059,8.0,9.0,0
68067.96,1000.0,3.0,1,0.0147,27.0,8.0,0
39319.23,18269.22,17.0,3,0.4646,25.0,3.0,0
72983.66,6765.03,0.0,3,0.0927,16.0,1.0,0
98318.47,4178.64,12.0,1,0.0425,20.0,1.0,0
57281.0,2821.13,13.0,0,0.0493,22.0,1.0,0
70042.79,23901.51,23.0,2,0.3412,12.0,4.0,0
77253.6,9965.89,0.0,3,0.129,22.0,6.0,0
49969.49,27269.82,10.0,2,0.5457,9.0,4.0,0
65602.31,10713.59,16.0,0,0.1633,15.0,11.0,0
60314.81,1341.14,3.0,0,0.0222,5.0,11.0,0
62441.9,6067.8,11.0,2,0.0972,15.0,3.0,0
40674.76,24886.49,9.0,0,0.6118,10.0,8.0,0
60612.75,13752.81,5.0,1,0.2269,25.0,8.0,0
72449.96,10613.7,24.0,1,0.1465,19.0,6.0,1
96278.59,16280.15,0.0,0,0.1691,2.0,9.0,0
83981.77,19014.26,6.0,1,0.2264,27.0,10.0,0
113829.56,23939.19,20.0,1,0.2103,28.0,1.0,1
40816.31,26587.99,15.0,2,0.6514,8.0,8.0,0
81808.02,12121.85,23.0,2,0.1482,14.0,6.0,0
64583.55,4391.62,13.0,0,0.068,27.0,1.0,0
114745.07,11692.28,22.0,3,0.1019,12.0,4.0,1
39792.54,17082.24,19.0,0,0.4293,9.0,5.0,0
39006.95,7289.93,19.0,1,0.1869,19.0,7.0,0
45015.18,7342.79,5.0,2,0.1631,23.0,8.0,0
15000.0,17750.3,21.0,3,0.95,12.0,9.0,0
46856.12,14610.78,24.0,0,0.3118,16.0,6.0,0
41021.68,15262.38,4.0,1,0.3721,6.0,10.0,0
63759.84,8932.04,23.0,1,0.1401,27.0,9.0,1
68543.9,13156.79,20.0,1,0.1919,5.0,4.0,0
106904.27,7606.13,17.0,1,0.0711,12.0,8.0,0
83760.6,22121.59,14.0,1,0.2641,27.0,3.0,1
45577.41,23281.99,5.0,1,0.5108,16.0,4.0,0
37539.63,1000.0,24.0,3,0.0266,14.0,10.0,0
72297.98,7563.91,18.0,0,0.1046,3.0,4.0,0
26994.17,3027.77,0.0,2,0.1122,27.0,6.0,0
105786.47,9799.81,0.0,1,0.0926,14.0,9.0,0
89486.0,14332.5,12.0,1,0.1602,13.0,6.0,0
48270.61,3402.84,2.0,3,0.0705,20.0,1.0,0
17171.64,7625.12,9.0,2,0.4441,10.0,5.0,0
93846.81,6968.34,20.0,0,0.0743,23.0,9.0,1
57136.5,16658.14,2.0,0,0.2915,3.0,5.0,0
90945.41,15554.75,8.0,0,0.171,2.0,6.0,0
20139.31,9226.1,7.0,1,0.4581,1.0,3.0,0
45015.62,16414.57,2.0,1,0.3646,19.0,8.0,0
60131.09,10626.56,24.0,3,0.1767,26.0,10.0,1
61174.51,12826.76,12.0,1,0.2097,9.0,11.0,0
48748.36,28387.62,5.0,1,0.5823,29.0,4.0,0
75571.25,25723.69,12.0,2,0.3404,12.0,4.0,0
33309.49,4603.35,22.0,2,0.1382,19.0,11.0,0
56440.51,21637.86,19.0,1,0.3834,28.0,5.0,0
63007.39,21491.17,19.0,3,0.3411,25.0,10.0,0
72860.97,5813.89,11.0,0,0.0798,20.0,9.0,0
77790.37,21550.22,12.0,2,0.277,28.0,8.0,0
31883.95,27303.46,1.0,3,0.8563,22.0,7.0,0
21647.15,6019.64,20.0,3,0.2781,24.0,5.0,0
91941.92,7659.98,23.0,2,0.0833,17.0,9.0,1
68307.85,23141.29,22.0,2,0.3388,20.0,9.0,1
41287.84,17171.96,15.0,3,0.4159,15.0,10.0,0
98778.8,19411.81,22.0,1,0.1965,10.0,10.0,1
62891.87,17724.71,5.0,0,0.2818,9.0,2.0,0
89482.43,18125.57,18.0,1,0.2026,8.0,4.0,0
61687.96,4388.22,20.0,1,0.0711,11.0,8.0,0
111518.7,23378.54,12.0,1,0.2096,29.0,1.0,0
103883.52,24356.72,16.0,3,0.2345,28.0,5.0,0
53775.9,13164.87,22.0,0,0.2448,18.0,8.0,1
84289.27,14652.18,8.0,2,0.1738,0.0,2.0,0
76134.4,2751.14,16.0,1,0.0361,17.0,2.0,0
94215.79,19114.04,1.0,2,0.2029,13.0,8.0,0
35876.91,19576.46,18.0,0,0.5457,21.0,10.0,0
77151.29,14502.47,18.0,0,0.188,20.0,9.0,1
86460.61,23994.83,23.0,2,0.2775,0.0,7.0,0
16031.51,12327.38,6.0,0,0.7689,16.0,8.0,0
30418.54,19516.85,21.0,2,0.6416,10.0,5.0,0
15000.0,6842.69,9.0,1,0.4562,19.0,1.0,0
53264.83,14811.58,9.0,2,0.2781,27.0,4.0,0
77938.56,13605.17,19.0,2,0.1746,14.0,2.0,0
97558.93,16802.46,8.0,1,0.1722,3.0,3.0,0
61852.37,12043.78,16.0,2,0.1947,14.0,3.0,0
100715.39,13948.22,14.0,0,0.1385,21.0,9.0,0
25497.46,21608.38,1.0,0,0.8475,21.0,10.0,0
17415.44,11505.89,3.0,1,0.6607,25.0,4.0,0
58611.31,2147.38,18.0,2,0.0366,13.0,2.0,0
69601.64,28996.67,16.0,1,0.4166,21.0,3.0,0
59182.63,26051.63,4.0,0,0.4402,0.0,3.0,0
15000.0,4661.9,6.0,1,0.3108,25.0,7.0,0
57772.0,20517.66,17.0,1,0.3551,8.0,8.0,0
27388.26,10976.2,20.0,1,0.4008,26.0,11.0,0
76741.81,17107.9,21.0,0,0.2229,6.0,6.0,0
69164.96,17353.79,6.0,0,0.2509,22.0,4.0,0
36503.01,13124.74,16.0,1,0.3596,10.0,6.0,0
47153.33,8729.87,6.0,1,0.1851,22.0,11.0,0
33519.66,9475.67,3.0,0,0.2827,1.0,1.0,0
58433.02,7670.46,7.0,1,0.1313,1.0,10.0,0
83878.56,8345.42,12.0,0,0.0995,5.0,8.0,0
35356.85,14462.57,3.0,1,0.409,22.0,1.0,0
72601.16,9273.92,5.0,2,0.1277,18.0,5.0,0
46743.56,20456.42,24.0,1,0.4376,28.0,2.0,0
40178.18,26897.97,4.0,2,0.6695,19.0,6.0,0
57324.24,10359.57,11.0,4,0.1807,13.0,9.0,0
34118.94,16915.24,3.0,1,0.4958,27.0,5.0,0
46158.77,18997.48,23.0,1,0.4116,2.0,4.0,0
30053.05,18776.02,8.0,2,0.6248,6.0,2.0,0
109118.13,15607.64,3.0,2,0.143,6.0,3.0,0
60881.59,20941.46,18.0,1,0.344,3.0,6.0,0
42506.86,18857.99,23.0,1,0.4436,28.0,8.0,0
65349.5,5098.7,13.0,2,0.078,22.0,8.0,0
57191.8,21953.25,4.0,2,0.3839,4.0,5.0,0
54475.76,22098.33,17.0,2,0.4057,16.0,5.0,0
75354.17,8893.71,9.0,0,0.118,25.0,10.0,0
78937.69,15303.5,24.0,1,0.1939,3.0,3.0,1
46737.47,20466.63,18.0,2,0.4379,22.0,7.0,0
45604.54,13325.49,11.0,3,0.2922,12.0,6.0,0
53123.71,23583.82,17.0,1,0.4439,15.0,1.0,0
15000.0,33910.98,16.0,2,0.95,15.0,4.0,0
22120.22,8712.11,23.0,0,0.3939,1.0,6.0,0
94171.86,3951.64,10.0,1,0.042,17.0,11.0,0
101124.19,17430.55,2.0,3,0.1724,0.0,6.0,0
53774.1,20772.5,22.0,0,0.3863,17.0,11.0,0
74413.92,13153.07,16.0,2,0.1768,25.0,3.0,0
67781.25,26626.09,0.0,1,0.3928,29.0,6.0,0
136972.02,4291.15,14.0,3,0.0313,7.0,10.0,0
87989.37,20543.35,8.0,0,0.2335,10.0,6.0,0
56802.06,10153.11,14.0,2,0.1787,23.0,9.0,0
36111.49,28755.02,23.0,1,0.7963,23.0,9.0,0
19838.84,30940.12,2.0,0,0.95,14.0,2.0,0
65086.59,8866.75,21.0,1,0.1362,15.0,4.0,1
41091.23,10603.54,18.0,2,0.258,16.0,9.0,0
24443.66,21876.7,12.0,2,0.895,16.0,4.0,0
43835.68,11902.95,11.0,1,0.2715,11.0,8.0,0
32961.3,14636.71,19.0,0,0.4441,9.0,10.0,0
102178.54,15203.11,0.0,0,0.1488,19.0,3.0,0
82040.99,1000.0,20.0,1,0.0122,5.0,3.0,0
59800.68,14889.3,16.0,3,0.249,7.0,9.0,1
96998.6,9482.18,12.0,1,0.0978,12.0,11.0,0
61934.21,11055.02,0.0,0,0.1785,1.0,10.0,0
38467.89,26549.06,9.0,0,0.6902,28.0,8.0,0
98078.1,4947.94,14.0,2,0.0504,18.0,1.0,0
73472.75,21505.64,6.0,0,0.2927,21.0,10.0,0
34068.85,12768.3,21.0,1,0.3748,9.0,2.0,0
55241.53,12761.92,17.0,4,0.231,3.0,3.0,0
38109.54,21322.98,15.0,2,0.5595,11.0,11.0,0
25430.01,17720.41,13.0,0,0.6968,17.0,2.0,0
83154.44,19564.9,17.0,2,0.2353,6.0,3.0,0
107735.42,22745.48,6.0,2,0.2111,19.0,8.0,0
25035.81,12349.53,16.0,4,0.4933,23.0,11.0,0
74074.23,10102.11,17.0,1,0.1364,23.0,11.0,0
43733.94,6318.8,11.0,1,0.1445,22.0,6.0,0
47821.87,8396.72,7.0,0,0.1756,25.0,7.0,0
45190.15,38592.76,21.0,1,0.854,24.0,10.0,0
38400.23,24957.44,1.0,0,0.6499,3.0,10.0,0
61213.04,4191.41,6.0,4,0.0685,6.0,6.0,0
39226.25,4420.34,3.0,1,0.1127,9.0,1.0,0
66761.42,18854.93,17.0,0,0.2824,25.0,11.0,1
58744.05,19378.12,5.0,2,0.3299,14.0,3.0,0
54026.3,19391.07,8.0,2,0.3589,11.0,1.0,0
37310.91,12960.35,8.0,0,0.3474,0.0,10.0,0
45580.72,13996.37,13.0,3,0.3071,19.0,9.0,0
78884.78,17623.04,7.0,1,0.2234,17.0,9.0,0
72522.93,15687.14,18.0,0,0.2163,24.0,5.0,1
35561.12,1000.0,2.0,2,0.0281,15.0,4.0,0
62483.31,13161.6,17.0,0,0.2106,4.0,9.0,0
78784.68,8188.75,4.0,2,0.1039,18.0,9.0,0
18264.87,16401.69,13.0,1,0.898,3.0,3.0,0
73584.0,38882.07,3.0,1,0.5284,5.0,5.0,0
43434.41,17939.85,6.0,0,0.413,25.0,3.0,0
74264.97,12491.76,19.0,1,0.1682,16.0,10.0,0
40918.52,22374.41,24.0,2,0.5468,6.0,2.0,0
15000.0,18861.5,11.0,1,0.95,23.0,1.0,0
19311.44,18360.76,1.0,4,0.95,22.0,10.0,0
61202.12,19854.8,10.0,0,0.3244,6.0,2.0,1
66493.06,31452.35,13.0,3,0.473,8.0,8.0,0
37392.08,5952.89,21.0,3,0.1592,12.0,11.0,0
75964.81,18789.06,22.0,1,0.2473,19.0,8.0,0
18462.0,7588.95,15.0,2,0.4111,13.0,3.0,0
58348.01,19444.1,19.0,1,0.3332,15.0,7.0,0
29724.6,7650.51,5.0,0,0.2574,22.0,7.0,0
43704.1,11661.07,22.0,0,0.2668,8.0,2.0,0
61184.97,12639.28,3.0,1,0.2066,14.0,9.0,0
38489.67,22806.53,14.0,1,0.5925,4.0,3.0,0
50386.11,22347.64,23.0,0,0.4435,17.0,2.0,0
85157.32,5034.26,24.0,2,0.0591,20.0,3.0,0
45577.7,15439.47,0.0,1,0.3388,19.0,2.0,0
80892.3,9323.36,6.0,0,0.1153,7.0,8.0,0
31757.33,4931.96,24.0,0,0.1553,14.0,5.0,0
73245.1,13263.86,11.0,0,0.1811,20.0,3.0,0
96039.22,12532.14,9.0,4,0.1305,24.0,5.0,0
15000.0,34413.73,4.0,2,0.95,8.0,11.0,0
40077.62,18463.68,11.0,3,0.4607,18.0,11.0,0
74426.8,3979.06,17.0,1,0.0535,28.0,8.0,1
54923.87,10481.81,9.0,2,0.1908,25.0,7.0,0
69278.65,23171.07,5.0,3,0.3345,21.0,6.0,0
44900.37,31707.54,11.0,3,0.7062,5.0,1.0,0
62164.74,2312.13,6.0,0,0.0372,3.0,10.0,0
56108.07,1000.0,17.0,0,0.0178,10.0,1.0,0
89194.55,29967.72,1.0,3,0.336,28.0,1.0,0
66360.52,18116.91,9.0,0,0.273,9.0,10.0,0
68440.07,8053.66,14.0,2,0.1177,2.0,8.0,0
49703.08,19277.03,11.0,2,0.3878,0.0,8.0,0
47809.84,1000.0,16.0,2,0.0209,11.0,7.0,0
49186.05,15027.0,3.0,3,0.3055,22.0,6.0,0
69861.3,17622.57,6.0,1,0.2523,14.0,4.0,0
49475.39,22394.16,8.0,3,0.4526,14.0,1.0,0
67244.37,6888.83,18.0,0,0.1024,20.0,9.0,0
111885.02,15685.5,22.0,0,0.1402,13.0,1.0,1
81778.12,7596.6,6.0,3,0.0929,25.0,4.0,0
51849.41,17043.07,22.0,0,0.3287,6.0,3.0,0
90030.35,7837.23,1.0,1,0.0871,16.0,7.0,0
49798.12,11735.19,5.0,1,0.2357,23.0,5.0,0
15000.0,7033.48,17.0,1,0.4689,18.0,5.0,0
34797.84,20209.09,5.0,3,0.5808,6.0,4.0,0
15000.0,21867.61,12.0,1,0.95,27.0,1.0,0
51212.16,13123.04,18.0,2,0.2562,2.0,5.0,1
60460.46,15305.9,1.0,0,0.2532,29.0,4.0,0
101910.93,3411.27,11.0,2,0.0335,2.0,10.0,0
68173.18,12602.59,14.0,1,0.1849,25.0,8.0,0
54522.49,14598.36,13.0,0,0.2677,24.0,2.0,0
80735.14,35966.34,5.0,1,0.4455,28.0,8.0,0
15000.0,6104.26,17.0,2,0.407,17.0,1.0,0
65890.36,26713.42,4.0,1,0.4054,29.0,4.0,0
79271.63,22974.87,17.0,1,0.2898,19.0,3.0,1
23035.34,17245.09,2.0,1,0.7486,21.0,5.0,0
88593.85,29068.96,2.0,2,0.3281,13.0,5.0,0
68462.41,17976.84,21.0,2,0.2626,2.0,5.0,0
49617.8,18113.27,21.0,0,0.3651,27.0,4.0,0
75819.55,14575.03,9.0,1,0.1922,25.0,8.0,0
116767.32,24788.55,18.0,1,0.2123,29.0,3.0,1
64546.66,23771.75,2.0,1,0.3683,25.0,4.0,0
66205.51,9994.58,11.0,2,0.151,6.0,1.0,0
48515.98,4446.02,15.0,1,0.0916,6.0,7.0,0
38753.89,13376.15,16.0,2,0.3452,4.0,1.0,0
80758.4,8599.69,6.0,1,0.1065,2.0,2.0,0
38597.9,14491.8,12.0,1,0.3755,17.0,11.0,0
61789.16,24899.51,23.0,3,0.403,14.0,7.0,0
48058.56,11341.59,1.0,1,0.236,19.0,1.0,0
71974.5,14657.41,3.0,0,0.2036,13.0,11.0,0
68341.55,15464.18,9.0,3,0.2263,28.0,3.0,0
85938.5,21787.45,6.0,1,0.2535,3.0,6.0,0
47249.59,1000.0,23.0,1,0.0212,26.0,6.0,0
53253.13,10146.4,16.0,2,0.1905,23.0,6.0,0
35530.91,16690.27,19.0,1,0.4697,7.0,11.0,0
48892.67,24600.63,5.0,2,0.5032,28.0,2.0,0
69432.51,11064.78,18.0,2,0.1594,20.0,2.0,0
78924.72,1000.0,4.0,0,0.0127,12.0,6.0,0
36945.87,19957.69,9.0,1,0.5402,21.0,10.0,0
81740.15,9917.1,8.0,1,0.1213,7.0,5.0,0
93890.95,5482.67,12.0,0,0.0584,14.0,7.0,0
70335.87,10005.24,18.0,0,0.1422,16.0,7.0,0
106919.9,13523.8,20.0,2,0.1265,4.0,5.0,1
40655.27,10162.04,23.0,0,0.25,19.0,8.0,0
28883.63,1000.0,5.0,2,0.0346,3.0,10.0,0
15531.99,22176.53,3.0,0,0.95,10.0,6.0,0
97401.11,25199.0,23.0,0,0.2587,17.0,5.0,1
76359.14,20212.18,2.0,0,0.2647,9.0,4.0,0
58610.38,5898.51,2.0,0,0.1006,16.0,7.0,0
66999.22,13388.07,3.0,1,0.1998,29.0,4.0,0
31862.77,14947.83,24.0,1,0.4691,14.0,5.0,0
121143.8,19790.36,4.0,3,0.1634,5.0,5.0,0
63230.53,20346.72,7.0,1,0.3218,22.0,1.0,0
62734.87,9126.61,15.0,4,0.1455,20.0,1.0,0
78144.17,15655.96,21.0,1,0.2003,15.0,3.0,0
72025.23,18658.24,2.0,0,0.2591,14.0,11.0,0
65597.1,26646.58,23.0,1,0.4062,7.0,3.0,0
40238.14,20636.05,11.0,1,0.5128,8.0,2.0,0
71786.71,21312.45,24.0,2,0.2969,10.0,2.0,0
107050.61,15670.61,7.0,2,0.1464,26.0,6.0,0
93635.5,26283.67,12.0,1,0.2807,1.0,1.0,0
99829.67,18278.1,3.0,3,0.1831,26.0,6.0,0
47219.61,8111.3,13.0,1,0.1718,12.0,5.0,0
35259.88,26226.96,13.0,0,0.7438,3.0,6.0,0
56855.33,20583.23,12.0,1,0.362,26.0,5.0,0
61393.12,11455.65,5.0,2,0.1866,8.0,7.0,0
87354.79,11164.06,16.0,1,0.1278,4.0,1.0,0
17688.38,17372.6,3.0,1,0.95,18.0,3.0,0
98238.76,18705.48,7.0,0,0.1904,21.0,6.0,0
56049.8,16578.34,16.0,0,0.2958,2.0,1.0,0
49327.97,17490.47,2.0,0,0.3546,29.0,11.0,0
34697.39,28599.66,16.0,0,0.8243,20.0,11.0,0
18628.58,23572.35,8.0,1,0.95,2.0,7.0,0
80579.26,16525.08,1.0,1,0.2051,5.0,4.0,0
61832.95,22530.48,24.0,1,0.3644,27.0,3.0,0
27750.98,6739.81,12.0,0,0.2429,9.0,10.0,0
27623.03,18183.42,19.0,1,0.6583,4.0,9.0,0
51605.38,29474.45,1.0,4,0.5712,29.0,1.0,0
101725.54,13255.63,19.0,2,0.1303,24.0,8.0,1
53510.22,8218.93,10.0,0,0.1536,2.0,1.0,0
22421.43,9783.29,21.0,2,0.4363,21.0,5.0,0
53856.42,6282.94,14.0,0,0.1167,23.0,10.0,0
53181.91,8721.9,10.0,1,0.164,6.0,8.0,0
15000.0,12035.94,22.0,1,0.8024,21.0,6.0,0
58642.63,3755.46,2.0,1,0.064,29.0,7.0,0
54226.64,15124.95,2.0,2,0.2789,17.0,11.0,0
77405.16,22218.22,11.0,3,0.287,22.0,8.0,0
106223.9,7737.95,23.0,2,0.0728,7.0,6.0,1
88164.13,27154.27,4.0,0,0.308,0.0,11.0,0
53277.78,19086.34,19.0,1,0.3582,24.0,6.0,0
32336.85,23244.64,6.0,0,0.7188,3.0,11.0,0
124334.0,9737.32,6.0,1,0.0783,23.0,6.0,0
61480.46,21836.2,12.0,2,0.3552,25.0,5.0,0
60348.23,6264.53,8.0,2,0.1038,6.0,8.0,0
59396.87,22121.98,24.0,0,0.3724,13.0,2.0,0
64952.12,16374.71,20.0,0,0.2521,12.0,7.0,0
56390.99,19426.01,12.0,1,0.3445,9.0,4.0,0
45658.45,5595.24,11.0,0,0.1225,22.0,1.0,0
46328.53,7839.44,12.0,0,0.1692,17.0,5.0,0
59181.17,19777.83,23.0,2,0.3342,0.0,3.0,0
46414.38,7413.22,9.0,0,0.1597,3.0,4.0,0
42178.86,18705.65,0.0,0,0.4435,27.0,7.0,0
62660.76,4062.9,24.0,2,0.0648,15.0,5.0,0
53625.57,21785.39,7.0,2,0.4063,15.0,4.0,0
97599.82,5139.81,21.0,3,0.0527,17.0,1.0,0
15000.0,19418.4,15.0,1,0.95,7.0,6.0,0
87287.67,20005.05,12.0,2,0.2292,9.0,11.0,0
91152.13,9425.83,2.0,1,0.1034,15.0,10.0,0
15000.0,19656.21,2.0,2,0.95,22.0,6.0,0
51432.81,17083.54,23.0,1,0.3322,23.0,7.0,0
50713.98,10689.27,4.0,3,0.2108,10.0,1.0,0
24812.21,6931.56,10.0,1,0.2794,5.0,4.0,0
40554.58,1000.0,6.0,1,0.0247,0.0,9.0,0
32235.6,17797.2,20.0,4,0.5521,29.0,10.0,0
103806.76,2481.58,23.0,0,0.0239,28.0,6.0,1
83391.96,15762.75,9.0,2,0.189,28.0,2.0,0
91788.88,12892.41,9.0,2,0.1405,11.0,4.0,0
78041.8,20433.14,19.0,1,0.2618,24.0,6.0,0
31773.71,12583.64,1.0,4,0.396,5.0,4.0,0
46886.99,12364.42,2.0,2,0.2637,27.0,10.0,0
72234.36,20854.97,7.0,4,0.2887,12.0,7.0,0
29446.8,17680.46,10.0,0,0.6004,25.0,3.0,0
77824.96,17529.25,12.0,1,0.2252,16.0,6.0,0
53991.87,18754.14,6.0,3,0.3474,0.0,4.0,0
50629.48,2715.42,12.0,3,0.0536,7.0,3.0,0
77774.0,21054.31,1.0,1,0.2707,21.0,3.0,0
71106.58,19899.75,5.0,0,0.2799,7.0,2.0,0
50975.85,6866.53,8.0,1,0.1347,23.0,11.0,0
88983.25,13047.36,19.0,2,0.1466,10.0,3.0,0
32973.42,14685.54,24.0,2,0.4454,13.0,10.0,0
75398.39,13924.03,1.0,2,0.1847,23.0,1.0,0
74827.53,17670.88,17.0,1,0.2362,9.0,3.0,0
52261.34,26450.93,15.0,1,0.5061,14.0,9.0,0
68153.33,23654.13,24.0,3,0.3471,6.0,4.0,0
28722.16,4502.25,11.0,3,0.1568,6.0,3.0,0
83100.68,19976.56,6.0,2,0.2404,9.0,8.0,0
55377.45,25631.47,6.0,3,0.4629,3.0,1.0,0
46931.92,18094.47,16.0,2,0.3855,24.0,5.0,0
86225.23,23727.84,12.0,2,0.2752,27.0,1.0,0
42391.41,31098.16,10.0,1,0.7336,17.0,7.0,0
24788.47,23189.68,5.0,0,0.9355,26.0,5.0,0
21084.27,16994.47,22.0,1,0.806,24.0,2.0,0
75150.25,23360.71,13.0,2,0.3109,9.0,1.0,0
27989.27,16159.1,5.0,3,0.5773,18.0,11.0,0
103869.85,15191.22,5.0,2,0.1463,13.0,7.0,0
15000.0,12188.69,1.0,1,0.8126,12.0,1.0,0
102411.41,27507.31,21.0,1,0.2686,14.0,3.0,1
65275.44,8452.57,19.0,0,0.1295,15.0,11.0,0
57582.17,27258.94,24.0,0,0.4734,1.0,6.0,0
46377.02,18998.91,14.0,3,0.4097,28.0,6.0,0
69978.4,3805.55,16.0,1,0.0544,3.0,7.0,0
59059.13,17941.19,7.0,2,0.3038,20.0,11.0,0
87582.55,1000.0,4.0,2,0.0114,17.0,11.0,0
62855.69,20004.06,16.0,1,0.3183,28.0,1.0,0
63757.54,22081.85,19.0,1,0.3463,16.0,7.0,0
50909.69,10261.15,0.0,2,0.2016,9.0,2.0,0
58576.36,15988.38,21.0,2,0.2729,26.0,6.0,1
67695.04,30633.26,17.0,1,0.4525,20.0,8.0,0
17245.79,10954.03,14.0,2,0.6352,8.0,5.0,0
26295.36,6528.74,4.0,1,0.2483,14.0,10.0,0
78581.6,26853.31,6.0,0,0.3417,27.0,3.0,0
64271.64,30700.7,17.0,0,0.4777,11.0,11.0,1
55400.42,15029.57,5.0,0,0.2713,20.0,8.0,0
60460.85,23091.7,21.0,4,0.3819,27.0,8.0,0
68689.54,25731.81,20.0,3,0.3746,26.0,4.0,0
46506.01,9060.13,4.0,3,0.1948,25.0,8.0,0
40542.38,11117.55,18.0,0,0.2742,8.0,5.0,0
64896.13,24847.0,9.0,2,0.3829,13.0,11.0,0
35540.68,28480.11,14.0,2,0.8013,12.0,5.0,0
70206.32,19503.05,9.0,2,0.2778,27.0,3.0,0
17435.41,7961.49,15.0,3,0.4566,25.0,7.0,0
85728.89,30896.49,11.0,2,0.3604,5.0,11.0,0
71814.94,10752.23,17.0,1,0.1497,18.0,11.0,0
66400.74,12318.9,22.0,1,0.1855,3.0,9.0,0
84567.27,17738.7,0.0,0,0.2098,19.0,9.0,0
101636.86,27433.28,15.0,1,0.2699,16.0,1.0,0
85359.25,21831.81,21.0,1,0.2558,18.0,1.0,1
15000.0,18318.92,5.0,1,0.95,2.0,10.0,0
28010.58,18706.31,2.0,0,0.6678,28.0,11.0,0
44379.54,15348.12,1.0,0,0.3458,13.0,5.0,0
60652.28,19465.12,1.0,2,0.3209,16.0,1.0,0
72941.48,1000.0,12.0,3,0.0137,12.0,4.0,0
41856.4,12627.14,8.0,1,0.3017,8.0,1.0,0
64669.17,16930.58,15.0,2,0.2618,26.0,2.0,0
41115.43,5791.89,4.0,1,0.1409,0.0,2.0,0
44712.05,18090.59,22.0,2,0.4046,24.0,4.0,0
24833.47,13364.23,20.0,1,0.5382,16.0,8.0,0
36919.17,29043.81,6.0,2,0.7867,15.0,2.0,0
26207.88,27584.16,12.0,1,0.95,17.0,9.0,0
35603.17,11273.56,19.0,1,0.3166,1.0,9.0,0
86341.04,13793.3,23.0,2,0.1598,13.0,2.0,1
36265.03,14408.42,12.0,2,0.3973,21.0,1.0,0
125809.55,11386.72,6.0,2,0.0905,22.0,10.0,0
72332.95,16560.2,9.0,1,0.2289,26.0,10.0,0
64620.9,8933.74,14.0,1,0.1382,16.0,9.0,0
38541.06,5955.08,20.0,0,0.1545,2.0,2.0,0
77507.75,19981.69,5.0,2,0.2578,1.0,8.0,0
45609.05,20036.24,4.0,3,0.4393,7.0,3.0,0
63050.25,8565.47,22.0,1,0.1359,24.0,1.0,0
124002.11,22162.84,1.0,1,0.1787,28.0,11.0,0
57598.5,9947.38,20.0,0,0.1727,1.0,1.0,0
88731.83,17025.32,14.0,0,0.1919,1.0,10.0,0
42420.59,21562.75,15.0,0,0.5083,25.0,2.0,0
59125.29,14731.1,18.0,0,0.2492,8.0,7.0,0
104270.02,18637.93,8.0,0,0.1787,29.0,6.0,0
44325.82,10868.56,21.0,2,0.2452,19.0,11.0,0
105311.21,13428.27,18.0,2,0.1275,20.0,2.0,0
77693.8,13353.12,6.0,2,0.1719,28.0,4.0,0
45938.33,9027.37,3.0,1,0.1965,26.0,2.0,0
75810.19,13585.81,2.0,1,0.1792,24.0,1.0,0
84313.86,2611.05,23.0,1,0.031,5.0,3.0,1
75545.25,11070.77,19.0,1,0.1465,25.0,4.0,0
20744.38,12721.0,10.0,0,0.6132,11.0,10.0,0
41821.57,12950.56,0.0,2,0.3097,24.0,5.0,0
53812.03,13068.02,5.0,1,0.2428,8.0,5.0,0
58139.16,14505.89,10.0,0,0.2495,6.0,7.0,0
75516.8,18835.53,0.0,0,0.2494,29.0,10.0,0
64442.53,21996.14,20.0,1,0.3413,11.0,8.0,0
26616.39,9801.88,6.0,0,0.3683,25.0,9.0,0
69504.95,5374.39,5.0,1,0.0773,24.0,7.0,0
75264.64,6663.64,13.0,1,0.0885,4.0,5.0,0
73994.76,11102.38,1.0,2,0.15,15.0,9.0,0
87019.52,12184.63,3.0,1,0.14,4.0,8.0,0
80848.05,8840.03,10.0,1,0.1093,11.0,10.0,0
71479.5,4631.07,14.0,0,0.0648,23.0,9.0,0
58245.86,11351.03,17.0,2,0.1949,25.0,10.0,0
18475.98,16451.41,0.0,1,0.8904,19.0,8.0,0
70740.46,19760.24,2.0,2,0.2793,8.0,6.0,0
65192.19,10540.62,2.0,2,0.1617,22.0,4.0,0
66789.47,11696.02,6.0,0,0.1751,6.0,9.0,0
28081.29,7586.41,0.0,3,0.2702,28.0,9.0,0
32973.59,14748.49,24.0,0,0.4473,18.0,10.0,0
86328.82,8212.57,10.0,2,0.0951,19.0,10.0,0
59011.12,19585.02,5.0,1,0.3319,22.0,9.0,0
77037.52,1000.0,19.0,1,0.013,10.0,10.0,0
60707.96,12122.96,2.0,5,0.1997,26.0,3.0,0
60743.9,17408.86,18.0,2,0.2866,29.0,11.0,0
83457.1,16470.68,1.0,2,0.1974,20.0,3.0,0
47098.88,36544.27,17.0,1,0.7759,11.0,11.0,0
62403.02,17798.4,11.0,0,0.2852,2.0,6.0,0
48443.12,6967.56,9.0,1,0.1438,16.0,6.0,0
49137.59,14236.29,4.0,1,0.2897,6.0,6.0,0
52270.7,1000.0,8.0,2,0.0191,21.0,5.0,0
65553.34,14355.2,1.0,2,0.219,9.0,5.0,0
48031.28,8335.55,1.0,0,0.1735,22.0,2.0,0
91393.9,22323.12,5.0,3,0.2443,14.0,7.0,0
37634.82,10603.68,9.0,1,0.2818,29.0,4.0,0
55328.21,14065.87,17.0,0,0.2542,1.0,3.0,1
49006.72,9915.54,11.0,3,0.2023,12.0,8.0,0
96174.45,28910.81,3.0,2,0.3006,27.0,4.0,0
64913.87,12430.06,21.0,0,0.1915,3.0,11.0,0
85796.11,29660.46,20.0,0,0.3457,17.0,4.0,0
22860.99,21513.21,16.0,3,0.941,23.0,8.0,0
66676.26,18856.53,14.0,0,0.2828,22.0,1.0,0
82240.77,17949.87,5.0,4,0.2183,0.0,9.0,0
62057.1,18150.38,15.0,2,0.2925,1.0,7.0,0
86637.01,1000.0,16.0,1,0.0115,1.0,2.0,0
47067.79,12768.93,2.0,0,0.2713,3.0,11.0,0
95233.69,21761.26,9.0,0,0.2285,2.0,6.0,0
117472.45,14608.82,4.0,0,0.1244,16.0,8.0,0
50929.04,3758.48,13.0,1,0.0738,27.0,11.0,0
48862.44,14580.76,20.0,2,0.2984,13.0,5.0,0
96334.61,28632.84,12.0,0,0.2972,1.0,6.0,0
99489.3,24975.13,5.0,2,0.251,15.0,10.0,0
46928.5,14503.97,11.0,4,0.3091,10.0,8.0,0
49495.33,22611.59,7.0,1,0.4568,24.0,6.0,0
52955.38,12067.94,4.0,1,0.2279,12.0,9.0,0
26388.74,1369.03,14.0,1,0.0519,0.0,9.0,0
37033.7,7604.27,15.0,4,0.2053,24.0,9.0,0
34896.48,27503.11,0.0,3,0.7881,22.0,6.0,0
40805.06,12808.06,15.0,2,0.3139,1.0,9.0,0
59132.88,13052.93,4.0,3,0.2207,1.0,3.0,0
65855.37,12601.29,2.0,4,0.1913,20.0,5.0,0
98762.51,30233.09,19.0,3,0.3061,28.0,2.0,0
35041.15,28007.67,14.0,2,0.7993,4.0,8.0,0
84608.06,32750.24,12.0,1,0.3871,3.0,11.0,0
54650.28,13727.64,23.0,1,0.2512,11.0,4.0,0
58763.41,17365.0,15.0,0,0.2955,25.0,6.0,0
76870.49,2866.86,22.0,1,0.0373,25.0,6.0,0
31931.95,26815.48,10.0,1,0.8398,28.0,5.0,0
69560.24,5657.76,20.0,2,0.0813,27.0,1.0,0
64161.31,16734.2,1.0,2,0.2608,2.0,11.0,0
72311.28,6221.58,21.0,0,0.086,19.0,7.0,1
67229.22,10289.07,5.0,1,0.153,9.0,10.0,0
121382.5,8301.9,5.0,2,0.0684,19.0,8.0,0
44056.5,10137.0,13.0,0,0.2301,17.0,1.0,0
46725.08,10687.02,24.0,1,0.2287,20.0,10.0,0
44421.49,10613.85,10.0,1,0.2389,20.0,7.0,0
46113.07,21666.67,7.0,0,0.4699,20.0,4.0,0
44065.32,6161.1,7.0,2,0.1398,26.0,6.0,0
89725.41,16764.33,0.0,2,0.1868,26.0,9.0,0
95512.61,24743.67,20.0,1,0.2591,9.0,5.0,0
45731.34,10894.43,6.0,1,0.2382,0.0,8.0,0
39191.11,9256.65,5.0,5,0.2362,5.0,5.0,0
71785.39,13155.8,20.0,4,0.1833,10.0,2.0,0
46194.42,24437.8,7.0,2,0.529,1.0,4.0,0
75823.3,16552.86,18.0,0,0.2183,6.0,2.0,0
65073.08,10750.29,21.0,1,0.1652,19.0,7.0,0
22106.4,18871.01,20.0,1,0.8536,20.0,7.0,0
98687.63,6181.66,23.0,2,0.0626,20.0,3.0,0
104896.94,20450.88,19.0,0,0.195,20.0,7.0,0
44680.28,18268.86,7.0,0,0.4089,17.0,1.0,0
50307.46,12537.53,13.0,3,0.2492,20.0,1.0,0
67146.63,8291.31,17.0,1,0.1235,18.0,9.0,0
68361.42,7906.55,24.0,1,0.1157,3.0,6.0,0
76463.61,19278.54,15.0,0,0.2521,12.0,5.0,0
110255.11,24831.84,8.0,1,0.2252,17.0,6.0,0
55576.32,9901.54,14.0,2,0.1782,19.0,6.0,0
40042.57,18667.09,9.0,0,0.4662,28.0,1.0,0
25517.02,1000.0,21.0,1,0.0392,24.0,5.0,0
41726.75,10323.06,15.0,2,0.2474,23.0,9.0,0
59171.83,14751.53,3.0,1,0.2493,12.0,4.0,0
104863.95,7722.53,19.0,2,0.0736,29.0,3.0,0
47059.72,7507.95,12.0,0,0.1595,26.0,1.0,0
65594.7,9657.76,21.0,2,0.1472,27.0,2.0,0
59589.43,17337.54,4.0,3,0.2909,18.0,3.0,0
89709.83,13501.37,21.0,2,0.1505,16.0,4.0,0
123173.31,1000.0,6.0,3,0.01,0.0,7.0,0
46728.28,1000.0,22.0,3,0.0214,5.0,6.0,0
47764.01,10145.08,8.0,3,0.2124,18.0,11.0,0
86104.02,18661.49,7.0,2,0.2167,19.0,8.0,0
77047.29,1000.0,15.0,1,0.013,0.0,9.0,0
106167.68,11002.16,5.0,0,0.1036,7.0,6.0,0
74598.2,10790.02,15.0,0,0.1446,16.0,7.0,0
51017.7,26106.7,5.0,1,0.5117,20.0,4.0,0
74766.37,11919.83,13.0,0,0.1594,21.0,2.0,1
87717.59,18063.91,20.0,2,0.2059,14.0,9.0,0
80512.05,16130.06,0.0,3,0.2003,17.0,9.0,0
72681.85,1000.0,24.0,2,0.0138,6.0,4.0,1
86666.87,21145.66,8.0,2,0.244,15.0,3.0,0
89232.39,16723.17,24.0,1,0.1874,6.0,10.0,0
94553.97,19066.15,23.0,0,0.2016,16.0,11.0,0
76217.75,46409.9,12.0,1,0.6089,3.0,6.0,0
55822.05,1000.0,18.0,2,0.0179,11.0,3.0,0
63667.84,28797.57,16.0,3,0.4523,12.0,1.0,0
90162.72,12700.42,10.0,1,0.1409,3.0,4.0,0
39576.61,17298.63,7.0,1,0.4371,20.0,1.0,0
69216.83,14635.9,22.0,1,0.2115,0.0,2.0,0
50166.53,11606.11,4.0,1,0.2314,0.0,3.0,0
60718.62,10441.34,9.0,2,0.172,6.0,8.0,0
91961.3,17636.07,6.0,0,0.1918,8.0,10.0,0
64777.48,2862.61,9.0,3,0.0442,0.0,4.0,0
61160.91,21004.63,3.0,2,0.3434,15.0,4.0,0
26003.6,11670.44,8.0,2,0.4488,17.0,10.0,0
78656.34,5959.45,13.0,1,0.0758,21.0,9.0,0
76137.1,11399.9,1.0,2,0.1497,14.0,7.0,0
114081.37,25057.19,24.0,3,0.2196,5.0,2.0,1
52305.54,10717.32,8.0,1,0.2049,1.0,3.0,0
65478.76,17867.63,20.0,3,0.2729,8.0,4.0,0
66234.59,9152.35,0.0,0,0.1382,3.0,4.0,0
99436.33,21063.37,22.0,3,0.2118,12.0,10.0,0
57617.61,20484.06,9.0,3,0.3555,22.0,8.0,0
66975.54,29788.87,9.0,2,0.4448,21.0,10.0,0
75197.41,13595.49,19.0,1,0.1808,10.0,10.0,0
64665.23,20349.24,24.0,1,0.3147,12.0,6.0,0
48839.16,15784.54,21.0,2,0.3232,10.0,3.0,0
64852.25,25366.97,2.0,1,0.3912,18.0,11.0,0
86840.79,9249.34,5.0,3,0.1065,7.0,9.0,0
34337.12,20960.04,5.0,4,0.6104,6.0,10.0,0
63324.24,13442.42,20.0,3,0.2123,24.0,8.0,0
42496.98,14486.49,1.0,1,0.3409,15.0,9.0,0
89876.17,15734.02,17.0,1,0.1751,2.0,5.0,0
21920.33,17017.92,22.0,1,0.7764,16.0,3.0,0
46026.95,14070.17,1.0,1,0.3057,17.0,4.0,0
69430.3,16717.71,11.0,1,0.2408,27.0,5.0,0
99138.1,27624.94,21.0,1,0.2787,26.0,9.0,1
58356.24,22883.6,4.0,1,0.3921,14.0,9.0,0
46120.01,21953.24,19.0,1,0.476,27.0,3.0,0
107028.93,11355.68,6.0,4,0.1061,16.0,7.0,0
23799.65,7886.07,23.0,0,0.3314,10.0,6.0,0
15000.0,22642.4,15.0,3,0.95,4.0,4.0,0
71000.36,22008.37,19.0,1,0.31,15.0,5.0,0
47448.64,26781.37,0.0,2,0.5644,14.0,10.0,0
34469.18,10168.15,0.0,2,0.295,9.0,2.0,0
77708.91,13163.61,16.0,1,0.1694,13.0,11.0,0
66095.02,1884.13,0.0,1,0.0285,1.0,7.0,0
45898.03,11860.23,20.0,3,0.2584,15.0,4.0,0
27992.39,22972.56,19.0,1,0.8207,18.0,2.0,0
81811.43,11268.04,12.0,1,0.1377,7.0,11.0,0
76255.03,20123.84,8.0,1,0.2639,14.0,6.0,0
57520.6,13475.98,14.0,0,0.2343,9.0,11.0,0
106165.92,17592.46,2.0,0,0.1657,29.0,2.0,1
33247.88,5818.47,13.0,1,0.175,4.0,10.0,0
21861.87,15681.68,22.0,2,0.7173,19.0,2.0,0
42702.3,1000.0,10.0,1,0.0234,15.0,7.0,0
58860.35,13504.83,23.0,2,0.2294,20.0,1.0,0
66083.49,1956.21,21.0,1,0.0296,25.0,7.0,0
53969.1,24647.96,11.0,0,0.4567,21.0,10.0,0
68801.38,21219.26,12.0,1,0.3084,11.0,5.0,0
28711.51,18733.37,12.0,3,0.6525,22.0,1.0,0
96094.12,27168.05,0.0,2,0.2827,29.0,6.0,0
57946.22,7408.67,23.0,1,0.1279,12.0,7.0,0
87932.4,28978.91,9.0,2,0.3296,8.0,1.0,0
68568.13,22457.53,2.0,0,0.3275,16.0,9.0,0
71418.83,13107.56,23.0,1,0.1835,19.0,7.0,0
74244.18,24084.96,3.0,0,0.3244,27.0,1.0,0
71192.71,6149.65,15.0,1,0.0864,11.0,3.0,0
76068.07,8403.89,7.0,1,0.1105,24.0,5.0,0
93228.81,10131.28,15.0,2,0.1087,4.0,4.0,0
64913.03,10768.18,16.0,0,0.1659,23.0,2.0,0
77725.09,6547.54,18.0,2,0.0842,11.0,1.0,1
57756.61,24784.66,21.0,0,0.4291,0.0,4.0,0
96002.93,12929.16,14.0,2,0.1347,19.0,7.0,0
43090.19,17820.04,15.0,1,0.4136,27.0,11.0,0
105023.51,10437.19,14.0,1,0.0994,15.0,4.0,0
58996.05,1000.0,24.0,1,0.017,29.0,9.0,1
24230.62,17160.46,1.0,1,0.7082,11.0,8.0,0
63202.61,1000.0,10.0,0,0.0158,8.0,8.0,0
42973.71,14450.93,0.0,1,0.3363,12.0,5.0,0
81016.09,4053.48,14.0,2,0.05,16.0,1.0,0
43684.4,30898.21,18.0,0,0.7073,16.0,9.0,0
48845.41,22290.9,3.0,1,0.4564,3.0,2.0,0
15000.0,15846.03,10.0,1,0.95,13.0,6.0,0
48692.34,25109.65,4.0,1,0.5157,18.0,10.0,0
15000.0,8229.47,2.0,0,0.5486,6.0,5.0,0
20402.43,19347.84,12.0,0,0.9483,26.0,10.0,0
79010.37,16598.48,9.0,0,0.2101,2.0,8.0,0
79645.0,17112.16,10.0,2,0.2149,0.0,11.0,0
70636.44,25178.83,17.0,0,0.3565,11.0,3.0,0
35825.6,20859.94,1.0,3,0.5823,14.0,6.0,0
58807.22,17309.79,6.0,3,0.2943,10.0,6.0,0
59909.94,1760.9,8.0,1,0.0294,9.0,10.0,0
31040.88,7319.63,9.0,1,0.2358,1.0,3.0,0
97584.96,14018.33,17.0,2,0.1437,25.0,7.0,1
81934.06,15746.98,22.0,2,0.1922,28.0,11.0,0
54475.9,5958.37,6.0,3,0.1094,3.0,4.0,0
60672.15,34293.41,6.0,3,0.5652,16.0,5.0,0
65209.57,27131.15,2.0,2,0.4161,16.0,9.0,0
15000.0,19816.95,11.0,3,0.95,27.0,6.0,0
53820.57,15576.29,6.0,0,0.2894,29.0,10.0,0
42950.39,13302.33,16.0,1,0.3097,7.0,4.0,0
34959.5,7384.65,0.0,0,0.2112,22.0,8.0,0
52972.49,15619.84,4.0,1,0.2949,13.0,9.0,0
104942.16,17062.02,15.0,1,0.1626,23.0,10.0,1
76021.07,5065.92,14.0,2,0.0666,28.0,5.0,0
45720.53,17673.41,1.0,0,0.3866,3.0,2.0,0
74314.57,13757.93,8.0,2,0.1851,5.0,6.0,0
94983.89,1000.0,6.0,1,0.0105,28.0,11.0,0
83115.84,8116.92,3.0,2,0.0977,18.0,8.0,0
61490.76,11691.16,19.0,0,0.1901,26.0,5.0,0
43826.58,30101.5,17.0,0,0.6868,28.0,1.0,0
77455.58,19452.42,20.0,0,0.2511,23.0,8.0,0
69837.13,4316.15,3.0,1,0.0618,3.0,9.0,0
82379.83,18888.29,12.0,1,0.2293,2.0,1.0,0
75879.3,2621.57,0.0,2,0.0345,19.0,8.0,0
86238.82,23661.53,23.0,1,0.2744,5.0,10.0,0
46619.12,11231.0,2.0,1,0.2409,26.0,2.0,0
92934.85,14250.91,15.0,3,0.1533,22.0,4.0,0
64939.99,25606.37,21.0,2,0.3943,6.0,2.0,0
111881.52,4702.69,3.0,1,0.042,13.0,2.0,0
42770.3,3823.05,24.0,1,0.0894,11.0,10.0,0
103399.1,10331.21,22.0,2,0.0999,15.0,3.0,1
64947.77,23307.03,24.0,0,0.3589,19.0,8.0,0
43714.55,2845.23,15.0,2,0.0651,7.0,4.0,0
47902.85,1000.0,18.0,1,0.0209,22.0,7.0,0
51991.32,11390.73,0.0,2,0.2191,1.0,10.0,0
70604.15,19413.93,4.0,2,0.275,12.0,3.0,0
73070.89,24602.09,18.0,1,0.3367,7.0,10.0,0
45657.5,11294.71,21.0,2,0.2474,24.0,11.0,0
59391.14,11708.59,23.0,0,0.1971,20.0,3.0,1
113556.76,24231.21,10.0,2,0.2134,19.0,2.0,0
103188.58,1000.0,12.0,0,0.01,15.0,6.0,0
70908.09,11891.83,19.0,1,0.1677,3.0,6.0,0
60950.09,16523.39,4.0,2,0.2711,28.0,1.0,0
63000.78,18593.75,20.0,4,0.2951,15.0,7.0,1
75337.95,10921.55,3.0,1,0.145,19.0,4.0,0
34430.19,15275.53,3.0,0,0.4437,5.0,11.0,0
53565.59,1000.0,3.0,0,0.0187,26.0,3.0,0
18285.4,9734.01,3.0,2,0.5323,3.0,8.0,0
69980.58,18628.07,19.0,3,0.2662,15.0,2.0,0
76179.9,7141.65,20.0,1,0.0937,22.0,9.0,0
47920.34,15471.87,17.0,0,0.3229,22.0,8.0,0
99349.67,18574.98,17.0,1,0.187,20.0,8.0,1
29355.86,12259.61,15.0,0,0.4176,12.0,3.0,0
23390.63,16363.71,8.0,2,0.6996,4.0,4.0,0
65611.3,7298.14,17.0,1,0.1112,14.0,2.0,0
86177.46,13347.11,21.0,1,0.1549,25.0,2.0,0
102098.19,19881.73,1.0,2,0.1947,7.0,4.0,0
48527.89,16255.78,20.0,1,0.335,6.0,6.0,0
86967.02,10307.75,3.0,3,0.1185,13.0,5.0,0
59037.29,16793.73,11.0,2,0.2845,6.0,1.0,0
55684.32,20716.88,6.0,1,0.372,21.0,10.0,0
82091.5,1000.0,14.0,3,0.0122,6.0,1.0,0
76308.07,24272.59,6.0,0,0.3181,22.0,6.0,0
20590.2,12309.96,21.0,2,0.5979,25.0,3.0,0
96913.51,18403.92,20.0,2,0.1899,29.0,3.0,1
94502.28,24577.98,16.0,0,0.2601,17.0,7.0,0
44360.93,4026.61,15.0,0,0.0908,29.0,1.0,0
69895.09,9324.47,18.0,2,0.1334,9.0,1.0,0
72350.75,12691.61,8.0,3,0.1754,17.0,10.0,0
66516.84,8729.97,13.0,2,0.1312,13.0,3.0,0
46242.37,28879.49,16.0,2,0.6245,9.0,8.0,0
43209.42,8145.82,4.0,0,0.1885,6.0,1.0,0
59361.15,10555.63,1.0,1,0.1778,29.0,10.0,0
89318.23,16635.11,19.0,1,0.1862,25.0,4.0,1
73590.0,5382.8,15.0,0,0.0731,6.0,9.0,0
50734.64,11834.55,13.0,1,0.2333,6.0,4.0,0
79292.47,17539.63,13.0,0,0.2212,4.0,10.0,0
15000.0,12337.12,0.0,2,0.8225,0.0,8.0,0
88719.14,14252.91,2.0,2,0.1607,13.0,7.0,0
16507.16,10765.34,6.0,2,0.6522,17.0,3.0,0
50938.98,2884.24,14.0,0,0.0566,12.0,7.0,1
32008.25,17572.75,18.0,2,0.549,24.0,7.0,0
27632.96,29039.46,19.0,1,0.95,7.0,10.0,0
89020.67,15147.21,1.0,0,0.1702,7.0,3.0,0
48307.47,16802.11,18.0,1,0.3478,9.0,2.0,0
68662.6,20541.78,8.0,0,0.2992,16.0,9.0,0
58826.99,4845.36,18.0,4,0.0824,5.0,1.0,0
71926.02,28620.12,4.0,3,0.3979,14.0,7.0,0
61920.55,16618.63,17.0,5,0.2684,14.0,4.0,0
27925.19,28054.86,15.0,0,0.95,24.0,2.0,0
84906.67,9135.74,3.0,2,0.1076,15.0,2.0,0
47656.09,29544.5,11.0,2,0.62,7.0,8.0,0
21085.45,21201.24,6.0,0,0.95,18.0,7.0,0
49297.12,19424.32,13.0,2,0.394,19.0,7.0,0
97518.99,16872.2,22.0,2,0.173,14.0,5.0,1
81255.54,13011.77,11.0,0,0.1601,2.0,10.0,0
51283.7,24604.25,2.0,2,0.4798,5.0,8.0,0
51268.56,16122.88,4.0,0,0.3145,29.0,2.0,0
51959.12,1000.0,16.0,3,0.0192,24.0,2.0,0
111918.7,6062.51,9.0,2,0.0542,7.0,5.0,0
69548.39,13513.23,9.0,1,0.1943,15.0,1.0,0
70751.04,17479.99,10.0,3,0.2471,14.0,6.0,0
85757.09,14547.29,16.0,2,0.1696,12.0,4.0,0
65969.73,24751.77,4.0,1,0.3752,25.0,6.0,0
53523.95,1000.0,12.0,1,0.0187,19.0,7.0,1
55091.25,16148.7,9.0,1,0.2931,14.0,3.0,0
58209.97,1000.0,8.0,1,0.0172,17.0,11.0,0
59069.44,21077.7,16.0,3,0.3568,12.0,8.0,0
78190.74,14244.33,0.0,2,0.1822,23.0,7.0,0
61298.65,18356.88,3.0,2,0.2995,7.0,1.0,0
78316.0,8088.94,3.0,2,0.1033,13.0,6.0,0
57982.09,25235.72,17.0,0,0.4352,27.0,7.0,0
61965.88,23333.8,8.0,1,0.3766,10.0,11.0,0
15000.0,19668.35,24.0,0,0.95,5.0,4.0,0
82908.19,13963.86,17.0,2,0.1684,29.0,2.0,1
68662.21,19638.86,13.0,2,0.286,23.0,10.0,0
84950.25,9344.86,24.0,3,0.11,24.0,9.0,1
15000.0,21844.45,14.0,0,0.95,28.0,7.0,0
112209.37,28195.85,5.0,3,0.2513,0.0,1.0,0
56510.26,23564.88,23.0,1,0.417,24.0,8.0,0
87704.57,9163.18,9.0,0,0.1045,1.0,3.0,0
34002.35,17891.34,14.0,1,0.5262,29.0,4.0,0
75319.35,4654.87,3.0,1,0.0618,12.0,5.0,0
33664.61,19579.12,17.0,0,0.5816,0.0,1.0,0
44405.78,18604.83,17.0,1,0.419,23.0,6.0,0
107850.78,1000.0,24.0,4,0.01,23.0,10.0,0
55232.94,5705.73,16.0,1,0.1033,26.0,6.0,0
65435.82,12734.89,11.0,1,0.1946,3.0,2.0,0
81751.69,12593.12,6.0,2,0.154,23.0,11.0,0
72392.05,5324.18,15.0,1,0.0735,22.0,10.0,0
63760.47,18111.83,10.0,0,0.2841,28.0,6.0,0
69124.03,17011.79,13.0,1,0.2461,1.0,8.0,0
120085.39,13445.85,2.0,0,0.112,20.0,6.0,0
58559.53,8953.67,18.0,1,0.1529,29.0,4.0,0
65027.48,23389.66,17.0,1,0.3597,25.0,4.0,0
86266.36,28243.26,9.0,2,0.3274,19.0,9.0,0
87638.15,11131.51,5.0,1,0.127,15.0,6.0,0
89675.76,10102.66,12.0,1,0.1127,2.0,8.0,0
75968.26,18929.66,9.0,2,0.2492,16.0,8.0,0
31424.88,12135.76,17.0,2,0.3862,4.0,7.0,0
100835.79,13884.82,19.0,2,0.1377,25.0,3.0,0
31341.37,20917.23,15.0,2,0.6674,7.0,10.0,0
67565.89,1000.0,24.0,0,0.0148,11.0,1.0,0
41143.1,25546.42,24.0,2,0.6209,24.0,5.0,0
58396.54,15581.44,5.0,1,0.2668,22.0,10.0,0
68219.06,11708.05,12.0,2,0.1716,11.0,10.0,0
68033.93,14286.13,3.0,3,0.21,26.0,2.0,0
70548.02,14699.43,22.0,1,0.2084,0.0,10.0,0
100342.78,1150.39,13.0,2,0.0115,0.0,2.0,0
71338.36,26959.51,0.0,0,0.3779,14.0,7.0,0
53896.08,15330.61,19.0,0,0.2844,16.0,11.0,0
84102.18,18544.02,4.0,4,0.2205,1.0,3.0,0
89736.76,22612.4,7.0,1,0.252,16.0,8.0,0
29309.8,6830.7,11.0,1,0.2331,19.0,9.0,0
74935.0,18787.78,1.0,0,0.2507,25.0,8.0,0
77529.32,12858.87,11.0,3,0.1659,8.0,6.0,0
52560.91,21774.17,4.0,2,0.4143,11.0,5.0,0
94392.67,1000.0,21.0,2,0.0106,3.0,3.0,0
56248.61,14207.25,4.0,1,0.2526,12.0,3.0,0
63139.41,10177.43,12.0,2,0.1612,3.0,7.0,0
55673.2,18458.1,8.0,0,0.3315,6.0,5.0,0
60389.48,18760.35,9.0,2,0.3107,13.0,6.0,0
32593.12,9338.99,0.0,2,0.2865,26.0,6.0,0
23998.73,9302.61,2.0,2,0.3876,8.0,9.0,0
99862.63,14114.68,17.0,2,0.1413,22.0,1.0,1
38825.97,7826.86,11.0,2,0.2016,0.0,8.0,0
35215.19,21735.87,2.0,2,0.6172,0.0,10.0,0
15000.0,12046.34,24.0,0,0.8031,19.0,5.0,0
44025.96,1000.0,8.0,1,0.0227,3.0,6.0,0
26922.76,12001.42,1.0,1,0.4458,0.0,6.0,0
101050.38,6691.65,2.0,3,0.0662,21.0,1.0,0
85245.43,1949.79,13.0,1,0.0229,9.0,3.0,1
42796.24,5100.59,3.0,5,0.1192,1.0,6.0,0
116310.9,15875.27,24.0,3,0.1365,26.0,11.0,1
84544.14,25629.13,18.0,3,0.3031,20.0,11.0,0
51879.22,17505.48,12.0,2,0.3374,23.0,9.0,0
15000.0,10147.97,6.0,1,0.6765,14.0,6.0,0
117273.56,18647.23,11.0,3,0.159,2.0,6.0,0
25260.69,11327.28,2.0,2,0.4484,24.0,1.0,0
18865.03,9443.2,22.0,0,0.5006,22.0,9.0,0
85564.26,5765.1,22.0,3,0.0674,8.0,4.0,0
120993.81,1000.0,8.0,1,0.01,16.0,2.0,0
94606.82,11880.61,1.0,1,0.1256,20.0,1.0,0
74097.73,16264.43,21.0,2,0.2195,27.0,3.0,1
74868.86,14227.01,8.0,1,0.19,12.0,3.0,0
81335.39,11672.26,11.0,0,0.1435,2.0,5.0,0
78973.21,7434.03,11.0,3,0.0941,3.0,1.0,0
67029.79,19865.97,14.0,3,0.2964,3.0,7.0,0
62605.03,4462.94,1.0,3,0.0713,10.0,1.0,0
58435.17,21208.22,17.0,1,0.3629,27.0,4.0,0
41150.89,6982.26,12.0,2,0.1697,6.0,6.0,0
52983.12,8980.52,13.0,0,0.1695,25.0,1.0,0
17676.08,3265.72,4.0,1,0.1848,10.0,7.0,0
57541.51,10988.78,9.0,1,0.191,23.0,10.0,0
35285.22,22802.5,11.0,1,0.6462,10.0,7.0,0
32410.27,19125.02,9.0,1,0.5901,9.0,3.0,0
64497.35,22827.38,23.0,0,0.3539,4.0,4.0,0
94800.06,19177.14,10.0,4,0.2023,12.0,6.0,0
82957.92,6170.64,24.0,3,0.0744,28.0,11.0,1
20737.48,12353.69,1.0,3,0.5957,11.0,7.0,0
35259.3,8758.41,4.0,5,0.2484,9.0,4.0,0
83519.28,25644.6,6.0,3,0.3071,6.0,10.0,0
35437.82,5425.69,5.0,3,0.1531,18.0,11.0,0
54384.17,22149.58,21.0,2,0.4073,18.0,9.0,0
73751.3,22143.63,22.0,1,0.3002,18.0,9.0,0
35791.39,29636.96,2.0,1,0.828,11.0,9.0,0
62634.39,11722.51,12.0,2,0.1872,19.0,10.0,0
26649.36,20698.58,2.0,0,0.7767,21.0,6.0,0
44965.81,33253.21,24.0,2,0.7395,14.0,2.0,0
67994.55,10058.87,23.0,4,0.1479,4.0,2.0,0
20175.16,2719.68,20.0,2,0.1348,23.0,11.0,0
71011.87,1000.0,5.0,3,0.0141,29.0,4.0,0
59509.06,20701.7,10.0,0,0.3479,13.0,9.0,0
73812.25,1000.0,16.0,0,0.0135,11.0,3.0,0
65597.85,12021.45,9.0,2,0.1833,28.0,6.0,0
94103.51,18498.51,11.0,3,0.1966,20.0,2.0,0
63130.61,16481.4,16.0,2,0.2611,10.0,1.0,0
49264.86,18403.56,3.0,0,0.3736,27.0,5.0,0
63057.44,16778.32,1.0,1,0.2661,4.0,8.0,0
73582.45,25230.93,10.0,1,0.3429,15.0,10.0,0
61221.5,7381.47,6.0,2,0.1206,29.0,10.0,0
61014.79,9584.04,1.0,1,0.1571,25.0,2.0,0
42450.21,8818.72,17.0,1,0.2077,17.0,10.0,0
43427.48,21641.53,20.0,2,0.4983,11.0,9.0,0
24934.87,22203.19,3.0,2,0.8904,26.0,8.0,0
103739.42,18609.8,7.0,1,0.1794,26.0,3.0,0
28903.42,24467.95,19.0,0,0.8465,4.0,1.0,0
42677.37,5575.67,13.0,1,0.1306,15.0,4.0,0
42039.82,28337.79,11.0,2,0.6741,11.0,8.0,0
82373.11,27185.91,21.0,2,0.33,22.0,3.0,0
52626.26,20884.98,20.0,1,0.3969,1.0,10.0,0
91193.55,29254.39,17.0,0,0.3208,29.0,2.0,0
43162.73,1747.01,10.0,3,0.0405,28.0,7.0,0
66974.85,10804.41,7.0,4,0.1613,5.0,4.0,0
39116.32,9117.57,1.0,0,0.2331,22.0,6.0,0
113628.73,20771.83,24.0,2,0.1828,20.0,5.0,1
30310.04,6598.87,14.0,6,0.2177,24.0,2.0,0
67745.52,21059.96,8.0,1,0.3109,29.0,10.0,0
75844.42,25964.29,18.0,3,0.3423,3.0,2.0,0
70344.98,20561.62,19.0,1,0.2923,29.0,9.0,1
55367.81,17270.01,7.0,0,0.3119,29.0,11.0,0
56754.48,7097.01,24.0,1,0.125,12.0,10.0,0
61095.29,8225.19,18.0,2,0.1346,9.0,2.0,0
56324.95,24996.95,4.0,1,0.4438,16.0,8.0,0
84096.98,21234.79,10.0,2,0.2525,13.0,8.0,0
115263.08,14687.84,14.0,1,0.1274,23.0,1.0,0
46062.71,11656.72,7.0,3,0.2531,14.0,1.0,0
25754.93,1000.0,18.0,2,0.0388,7.0,4.0,0
57792.95,6433.18,22.0,2,0.1113,22.0,2.0,1
124492.73,30291.35,7.0,3,0.2433,23.0,1.0,0
39908.14,4756.36,18.0,0,0.1192,17.0,9.0,1
100977.92,16515.84,17.0,2,0.1636,2.0,3.0,0
101942.52,23059.55,9.0,2,0.2262,24.0,1.0,0
46160.29,4960.62,6.0,2,0.1075,16.0,2.0,0
74224.58,16477.68,8.0,5,0.222,23.0,8.0,0
100709.92,22503.32,0.0,2,0.2234,23.0,5.0,0
50521.81,15099.99,18.0,0,0.2989,6.0,11.0,0
54910.49,37947.22,4.0,2,0.6911,12.0,7.0,0
45457.98,1651.21,18.0,4,0.0363,29.0,6.0,0
34631.08,23469.83,0.0,0,0.6777,26.0,1.0,0
43768.06,13617.59,14.0,1,0.3111,15.0,6.0,0
29401.49,21175.36,15.0,3,0.7202,4.0,11.0,0
60852.09,18530.46,22.0,1,0.3045,3.0,7.0,0
40750.67,9134.75,6.0,0,0.2242,25.0,4.0,0
65844.65,16831.97,11.0,1,0.2556,9.0,8.0,0
21102.61,1000.0,7.0,1,0.0474,12.0,8.0,0
68272.01,19825.98,4.0,2,0.2904,9.0,7.0,0
80838.22,17385.27,9.0,0,0.2151,13.0,11.0,0
15000.0,20109.28,20.0,1,0.95,25.0,2.0,0
69351.41,23464.95,4.0,1,0.3383,21.0,6.0,0
90691.72,17940.96,16.0,2,0.1978,11.0,6.0,0
29758.97,16184.72,4.0,4,0.5439,26.0,7.0,0
101814.31,7951.45,21.0,2,0.0781,0.0,6.0,1
70475.48,9302.23,14.0,0,0.132,28.0,2.0,1
42374.7,24493.88,12.0,2,0.578,20.0,8.0,0
58605.77,26490.68,0.0,1,0.452,29.0,4.0,0
73958.17,13095.12,10.0,1,0.1771,19.0,9.0,0
61900.13,15368.02,22.0,0,0.2483,19.0,8.0,0
73468.9,7763.09,0.0,1,0.1057,6.0,3.0,0
36983.16,24382.05,10.0,1,0.6593,8.0,3.0,0
64234.02,20323.33,17.0,1,0.3164,7.0,8.0,0
24657.14,30529.74,17.0,2,0.95,26.0,2.0,0
57219.35,7973.42,20.0,1,0.1393,12.0,9.0,1
37402.31,11975.94,15.0,1,0.3202,13.0,4.0,0
41611.75,16851.57,12.0,3,0.405,11.0,6.0,0
90902.33,20171.92,6.0,2,0.2219,7.0,3.0,0
87282.75,13274.66,0.0,1,0.1521,20.0,3.0,0
75228.45,8016.31,15.0,4,0.1066,21.0,3.0,0
32692.18,22051.26,0.0,1,0.6745,17.0,11.0,0
52089.79,20769.08,16.0,1,0.3987,15.0,10.0,0
90327.44,7669.81,5.0,1,0.0849,28.0,2.0,0
63542.92,25843.54,1.0,0,0.4067,10.0,8.0,0
117983.24,24361.59,16.0,1,0.2065,15.0,9.0,0
69832.95,16074.37,5.0,0,0.2302,13.0,8.0,0
64801.23,15636.78,13.0,1,0.2413,2.0,10.0,0
52272.09,19432.46,17.0,1,0.3718,20.0,3.0,0
63338.52,8106.38,5.0,3,0.128,1.0,7.0,0
56188.25,15240.25,9.0,2,0.2712,2.0,11.0,0
77702.72,1000.0,23.0,0,0.0129,3.0,10.0,0
83917.56,22011.65,17.0,1,0.2623,21.0,2.0,0
40350.26,2508.05,8.0,2,0.0622,4.0,4.0,0
26719.18,27027.36,7.0,2,0.95,9.0,6.0,0
15000.0,12359.04,9.0,6,0.8239,19.0,11.0,0
72699.78,13306.66,16.0,1,0.183,28.0,5.0,0
32415.83,9978.13,22.0,2,0.3078,1.0,9.0,0
15000.0,12695.69,5.0,4,0.8464,11.0,10.0,0
69714.47,26348.25,13.0,0,0.3779,26.0,4.0,0
122324.99,1000.0,21.0,0,0.01,4.0,5.0,1
59848.23,25215.72,21.0,1,0.4213,4.0,4.0,0
80962.27,17704.19,5.0,3,0.2187,26.0,8.0,0
62045.73,5343.83,6.0,0,0.0861,22.0,8.0,0
57527.76,6397.5,11.0,0,0.1112,0.0,3.0,0
82976.91,28411.14,2.0,1,0.3424,3.0,1.0,0
52743.14,7435.94,13.0,0,0.141,26.0,6.0,0
66684.81,5773.2,21.0,1,0.0866,20.0,2.0,0
68042.45,24098.52,18.0,2,0.3542,23.0,2.0,0
43297.74,17708.42,22.0,2,0.409,11.0,3.0,0
84801.06,7496.6,15.0,2,0.0884,11.0,8.0,0
55626.01,16733.0,6.0,2,0.3008,15.0,3.0,0
41106.37,6793.98,7.0,0,0.1653,23.0,7.0,0
73412.75,23806.57,17.0,1,0.3243,16.0,10.0,0
37538.3,23490.97,24.0,0,0.6258,20.0,10.0,0
60704.53,19256.05,12.0,2,0.3172,9.0,9.0,0
59772.03,17893.29,20.0,2,0.2994,16.0,8.0,0
87147.39,29089.5,8.0,2,0.3338,16.0,1.0,0
71867.46,14997.49,9.0,1,0.2087,17.0,7.0,0
59374.33,5545.01,20.0,3,0.0934,1.0,7.0,0
80444.16,18595.79,22.0,2,0.2312,24.0,8.0,0
94755.19,31688.38,8.0,2,0.3344,3.0,10.0,0
73945.26,6881.92,14.0,3,0.0931,18.0,5.0,0
60258.82,12108.3,19.0,2,0.2009,10.0,10.0,0
27204.09,18331.57,1.0,0,0.6739,16.0,9.0,0
33372.16,14568.76,24.0,1,0.4366,11.0,9.0,0
52369.38,7141.57,12.0,1,0.1364,1.0,8.0,0
44762.19,23974.86,1.0,1,0.5356,5.0,6.0,0
55325.72,33560.33,18.0,0,0.6066,8.0,6.0,0
61416.25,16569.05,1.0,0,0.2698,4.0,1.0,0
73242.32,7767.45,2.0,0,0.1061,19.0,6.0,0
58237.53,2608.32,5.0,2,0.0448,28.0,4.0,0
72162.54,17063.81,2.0,5,0.2365,20.0,4.0,0
61611.86,23831.02,9.0,2,0.3868,8.0,2.0,0
15000.0,18801.34,23.0,1,0.95,27.0,11.0,0
36516.62,14980.77,5.0,2,0.4102,28.0,4.0,0
56397.81,10285.83,22.0,1,0.1824,22.0,5.0,1
29757.63,6262.69,15.0,3,0.2105,7.0,5.0,0
74998.22,21678.01,16.0,0,0.289,19.0,5.0,0
98268.77,22310.17,18.0,0,0.227,26.0,4.0,0
90469.05,2634.16,2.0,0,0.0291,7.0,1.0,0
54663.93,27718.71,17.0,1,0.5071,21.0,10.0,0
97268.15,19592.57,6.0,2,0.2014,20.0,8.0,0
63716.69,26196.76,8.0,0,0.4111,28.0,3.0,0
51572.85,4262.98,19.0,1,0.0827,27.0,2.0,0
44664.93,4073.41,11.0,0,0.0912,22.0,9.0,0
52438.26,13808.25,4.0,0,0.2633,5.0,7.0,0
50295.58,19022.28,2.0,2,0.3782,2.0,9.0,0
64260.41,29370.89,10.0,1,0.4571,4.0,2.0,0
64014.35,20648.63,24.0,2,0.3226,8.0,9.0,0
60076.15,13058.55,3.0,2,0.2174,6.0,10.0,0
70923.45,6789.05,4.0,1,0.0957,27.0,9.0,0
89766.16,24840.0,0.0,1,0.2767,3.0,11.0,0
83738.85,7282.36,17.0,1,0.087,6.0,9.0,0
22877.55,28027.75,11.0,1,0.95,4.0,10.0,0
15000.0,12724.92,12.0,0,0.8483,10.0,10.0,0
83358.0,27724.66,8.0,3,0.3326,28.0,4.0,0
25828.03,20431.45,1.0,0,0.7911,14.0,10.0,0
54380.86,13904.04,4.0,2,0.2557,1.0,3.0,0
30747.17,10844.83,12.0,1,0.3527,12.0,6.0,0
15000.0,12272.74,15.0,5,0.8182,21.0,3.0,0
73536.57,18426.53,15.0,1,0.2506,15.0,11.0,0
78978.88,15617.25,23.0,2,0.1977,6.0,9.0,0
45587.24,10249.51,2.0,1,0.2248,7.0,3.0,0
15000.0,13674.95,21.0,1,0.9117,5.0,2.0,0
46343.89,15628.62,3.0,1,0.3372,23.0,8.0,0
69795.1,1000.0,10.0,1,0.0143,6.0,6.0,0
23027.21,18665.34,22.0,1,0.8106,17.0,8.0,0
64584.0,7162.23,13.0,0,0.1109,29.0,7.0,0
59617.25,5773.34,2.0,1,0.0968,21.0,3.0,0
74482.29,1501.25,15.0,1,0.0202,24.0,8.0,0
62989.51,1000.0,21.0,2,0.0159,27.0,10.0,0
35673.28,4156.42,14.0,0,0.1165,21.0,1.0,1
89914.29,9327.83,9.0,2,0.1037,19.0,1.0,0
56036.76,30626.07,8.0,2,0.5465,6.0,10.0,0
59317.39,10792.96,10.0,1,0.182,2.0,8.0,0
36668.3,16422.0,15.0,1,0.4479,4.0,9.0,0
48917.94,18203.85,9.0,3,0.3721,0.0,10.0,0
37879.93,16048.52,16.0,3,0.4237,14.0,6.0,0
55676.35,14380.45,18.0,1,0.2583,25.0,5.0,0
102792.71,5437.65,1.0,2,0.0529,2.0,2.0,0
25702.47,26607.42,23.0,0,0.95,7.0,11.0,0
19660.97,29457.57,22.0,3,0.95,24.0,9.0,0
96779.26,1538.73,1.0,1,0.0159,8.0,6.0,0
54766.91,6807.77,5.0,2,0.1243,14.0,8.0,0
43273.18,12761.52,18.0,0,0.2949,9.0,9.0,0
85997.62,7283.7,7.0,1,0.0847,1.0,9.0,0
44859.61,19047.72,2.0,1,0.4246,19.0,8.0,0
105650.24,9173.82,13.0,2,0.0868,4.0,10.0,1
76948.15,32320.45,24.0,1,0.42,18.0,8.0,1
47802.21,24524.39,15.0,1,0.513,12.0,3.0,0
113932.71,16700.59,0.0,3,0.1466,10.0,3.0,0
44857.13,23215.89,20.0,2,0.5176,0.0,2.0,0
78552.38,23847.2,2.0,1,0.3036,21.0,1.0,0
67482.31,10488.42,21.0,3,0.1554,29.0,4.0,1
92543.53,8470.26,17.0,2,0.0915,14.0,2.0,0
99037.78,15625.14,8.0,0,0.1578,25.0,2.0,0
60800.1,21893.09,5.0,0,0.3601,17.0,11.0,0
41164.55,16112.48,22.0,1,0.3914,15.0,11.0,0
71499.3,2384.03,20.0,1,0.0333,8.0,5.0,0
43057.12,8577.4,24.0,1,0.1992,0.0,4.0,0
110334.68,14408.22,0.0,1,0.1306,10.0,1.0,0
63413.38,14394.68,20.0,1,0.227,8.0,9.0,1
50866.96,30780.34,9.0,1,0.6051,22.0,4.0,0
64617.01,3912.1,5.0,3,0.0605,10.0,5.0,0
26321.84,19044.71,22.0,1,0.7235,12.0,7.0,0
35709.65,26912.9,11.0,2,0.7537,25.0,2.0,0
90010.35,33171.6,3.0,0,0.3685,1.0,8.0,0
43577.64,11764.82,12.0,0,0.27,13.0,11.0,0
33827.23,18931.44,16.0,0,0.5597,5.0,2.0,0
73416.32,19558.08,7.0,3,0.2664,7.0,11.0,0
89642.6,16563.85,19.0,2,0.1848,17.0,10.0,1
77973.83,14209.24,2.0,1,0.1822,15.0,5.0,0
84901.19,18487.8,11.0,0,0.2178,20.0,2.0,1
41080.12,1000.0,6.0,0,0.0243,28.0,2.0,0
24454.73,20456.56,11.0,2,0.8365,11.0,4.0,0
97533.34,16009.42,1.0,2,0.1641,10.0,4.0,0
51933.0,13220.2,23.0,0,0.2546,5.0,8.0,0
53729.17,31374.9,13.0,2,0.5839,2.0,6.0,0
93204.85,9600.53,21.0,2,0.103,13.0,10.0,0
73905.75,11775.39,22.0,1,0.1593,27.0,8.0,1
71397.19,30932.43,4.0,1,0.4332,1.0,7.0,0
114125.06,8343.51,8.0,2,0.0731,10.0,10.0,0
43912.04,10599.08,20.0,3,0.2414,21.0,4.0,0
83196.0,13823.8,10.0,3,0.1662,2.0,2.0,0
61425.33,21725.88,4.0,2,0.3537,17.0,9.0,0
66714.81,16662.42,2.0,2,0.2498,0.0,2.0,0
98211.71,4659.0,16.0,2,0.0474,29.0,1.0,0
72695.89,10742.65,1.0,2,0.1478,23.0,8.0,0
73457.4,10141.16,23.0,4,0.1381,0.0,10.0,0
86812.68,14382.23,0.0,0,0.1657,11.0,9.0,0
50876.18,18406.75,6.0,1,0.3618,14.0,1.0,0
39019.76,18345.65,13.0,1,0.4702,4.0,7.0,0
33879.77,1000.0,4.0,0,0.0295,26.0,2.0,0
15000.0,23511.53,18.0,1,0.95,5.0,6.0,0
111405.18,17020.55,10.0,3,0.1528,15.0,11.0,0
32419.79,26076.26,22.0,2,0.8043,26.0,5.0,0
54468.66,18553.59,24.0,0,0.3406,11.0,1.0,0
53079.67,23810.58,1.0,3,0.4486,11.0,2.0,0
67685.17,18732.36,7.0,3,0.2768,2.0,2.0,0
80393.43,25769.81,8.0,1,0.3205,29.0,10.0,0
81511.84,19178.01,2.0,4,0.2353,22.0,10.0,0
45423.06,14216.68,1.0,1,0.313,1.0,6.0,0
55821.96,33179.48,6.0,3,0.5944,6.0,11.0,0
67064.5,22112.3,4.0,2,0.3297,1.0,1.0,0
53782.72,19589.96,20.0,3,0.3642,20.0,11.0,0
100183.64,4789.56,4.0,1,0.0478,6.0,4.0,0
72274.37,4693.54,19.0,1,0.0649,10.0,10.0,0
78371.94,17341.72,12.0,0,0.2213,10.0,11.0,0
76572.03,16164.17,20.0,1,0.2111,13.0,5.0,0
89336.85,10087.02,19.0,4,0.1129,2.0,2.0,0
64525.54,16127.86,5.0,1,0.2499,13.0,2.0,0
27579.2,27709.02,19.0,2,0.95,10.0,7.0,0
69992.2,20563.22,17.0,2,0.2938,3.0,7.0,0
43716.08,5871.93,24.0,1,0.1343,16.0,6.0,0
46784.58,14107.93,1.0,3,0.3016,15.0,1.0,0
74659.1,8560.27,24.0,1,0.1147,2.0,3.0,0
90957.08,11898.4,5.0,0,0.1308,24.0,9.0,0
60531.79,11691.07,8.0,5,0.1931,9.0,10.0,0
67720.83,11178.84,24.0,1,0.1651,20.0,1.0,1
102555.37,4958.92,2.0,1,0.0484,14.0,2.0,0
66018.83,13978.76,0.0,1,0.2117,7.0,8.0,0
125042.08,10515.14,0.0,1,0.0841,17.0,7.0,0
74137.74,1000.0,18.0,1,0.0135,2.0,9.0,0
15980.93,31423.78,4.0,0,0.95,6.0,10.0,0
78833.54,23710.16,12.0,2,0.3008,29.0,4.0,0
69528.96,11989.59,18.0,2,0.1724,9.0,4.0,0
92243.82,15150.55,11.0,1,0.1642,19.0,7.0,0
76829.53,5626.77,15.0,3,0.0732,8.0,1.0,0
56538.6,28565.78,24.0,1,0.5052,13.0,10.0,0
29392.54,30178.31,24.0,0,0.95,22.0,9.0,0
54774.42,16253.55,18.0,3,0.2967,13.0,2.0,0
38736.99,23188.25,2.0,3,0.5986,10.0,1.0,0
45486.91,16402.29,11.0,0,0.3606,27.0,7.0,0
74714.46,4306.2,4.0,1,0.0576,0.0,6.0,0
101747.61,11705.41,1.0,2,0.115,3.0,3.0,0
69866.79,16055.42,21.0,1,0.2298,25.0,1.0,1
30102.92,11363.62,6.0,0,0.3775,26.0,5.0,0
71115.07,13250.77,12.0,0,0.1863,5.0,10.0,0
89915.79,14268.8,24.0,2,0.1587,21.0,4.0,0
44755.43,14352.97,14.0,3,0.3207,25.0,5.0,0
56649.57,15418.07,21.0,0,0.2722,21.0,1.0,0
60367.2,6515.16,2.0,0,0.1079,4.0,1.0,0
40377.54,9263.87,20.0,1,0.2294,2.0,5.0,0
76207.01,4723.33,19.0,3,0.062,1.0,6.0,0
56976.3,22822.52,4.0,0,0.4006,2.0,5.0,0
70488.31,1000.0,23.0,5,0.0142,8.0,2.0,0
37812.7,24228.72,7.0,1,0.6408,18.0,9.0,0
49063.54,26090.8,21.0,1,0.5318,18.0,5.0,0
78059.53,12582.56,0.0,3,0.1612,16.0,11.0,0
50679.17,1000.0,7.0,1,0.0197,17.0,11.0,0
103174.1,12109.52,23.0,0,0.1174,10.0,5.0,1
50009.1,14486.53,17.0,1,0.2897,11.0,10.0,0
65617.12,6915.21,19.0,1,0.1054,2.0,9.0,0
83314.77,10878.25,15.0,1,0.1306,17.0,3.0,0
24540.86,27241.56,17.0,2,0.95,23.0,5.0,0
15979.78,20319.42,19.0,1,0.95,5.0,5.0,0
21858.59,7603.49,11.0,0,0.3478,6.0,2.0,0
91564.6,2219.21,12.0,2,0.0242,0.0,11.0,1
46203.55,12383.86,12.0,1,0.268,5.0,4.0,0
123954.98,13292.35,9.0,2,0.1072,17.0,11.0,0
45893.81,18969.59,6.0,2,0.4133,12.0,11.0,0
64613.78,10717.47,24.0,1,0.1659,21.0,2.0,0
98552.75,19092.0,13.0,1,0.1937,18.0,5.0,1
110152.32,30481.23,23.0,0,0.2767,6.0,10.0,0
111537.59,21524.01,15.0,2,0.193,18.0,2.0,0
90209.16,14615.29,14.0,1,0.162,8.0,10.0,0
85601.56,13534.8,11.0,4,0.1581,2.0,9.0,0
74813.17,12146.61,8.0,1,0.1624,22.0,10.0,1
79459.03,24445.13,7.0,3,0.3076,11.0,6.0,0
46220.36,9981.49,17.0,1,0.216,19.0,8.0,0
39545.03,15361.78,22.0,2,0.3885,23.0,9.0,0
59915.64,15409.58,17.0,2,0.2572,29.0,8.0,0
55745.38,10985.73,12.0,4,0.1971,17.0,5.0,0
48669.3,4020.28,17.0,1,0.0826,7.0,5.0,0
77409.69,17583.8,14.0,0,0.2272,8.0,6.0,0
83882.63,14511.97,3.0,3,0.173,12.0,1.0,0
62210.17,19001.92,16.0,6,0.3054,7.0,11.0,0
96938.25,10731.2,4.0,1,0.1107,21.0,8.0,0
31457.77,24766.57,21.0,0,0.7873,9.0,2.0,0
55158.51,7985.81,15.0,1,0.1448,16.0,6.0,0
42079.44,28696.32,8.0,1,0.682,6.0,9.0,0
15000.0,1018.91,9.0,0,0.0679,16.0,3.0,0
57932.98,18478.16,23.0,1,0.319,22.0,2.0,0
56956.31,18803.45,17.0,1,0.3301,29.0,10.0,0
97836.24,8635.54,16.0,4,0.0883,17.0,5.0,0
75770.29,18395.15,17.0,4,0.2428,23.0,11.0,0
34395.33,25236.15,6.0,2,0.7337,1.0,9.0,0
106352.31,1000.0,3.0,0,0.01,2.0,6.0,0
90525.84,19021.96,4.0,1,0.2101,28.0,8.0,0
74552.44,1000.0,22.0,1,0.0134,27.0,8.0,1
54337.9,7274.68,15.0,2,0.1339,18.0,7.0,0
36014.02,28033.33,2.0,0,0.7784,0.0,5.0,0
50694.83,10345.74,17.0,5,0.2041,20.0,2.0,0
87218.72,5608.96,22.0,2,0.0643,20.0,10.0,1
107114.66,13416.5,20.0,2,0.1253,9.0,10.0,0
98581.09,31543.25,13.0,1,0.32,20.0,5.0,0
47778.76,1000.0,14.0,1,0.0209,13.0,7.0,0
32009.56,6589.52,16.0,0,0.2059,12.0,7.0,0
63522.16,26979.45,0.0,3,0.4247,8.0,11.0,0
15789.02,29861.62,24.0,4,0.95,5.0,2.0,0
68079.19,14172.55,20.0,2,0.2082,5.0,7.0,0
56309.94,5087.58,16.0,1,0.0903,18.0,6.0,0
48349.09,31766.75,22.0,3,0.657,20.0,7.0,0
20132.42,27755.54,24.0,1,0.95,9.0,11.0,0
72840.0,20431.58,10.0,2,0.2805,22.0,8.0,0
46682.48,8500.78,16.0,1,0.1821,2.0,4.0,0
30752.08,14607.77,13.0,0,0.475,17.0,1.0,0
15000.0,13717.12,19.0,0,0.9145,20.0,8.0,0
59312.13,17646.81,18.0,3,0.2975,18.0,8.0,0
104306.29,26608.01,20.0,2,0.2551,4.0,3.0,0
101531.48,22035.34,6.0,0,0.217,24.0,3.0,0
48572.59,6380.99,23.0,3,0.1314,10.0,5.0,0
44944.7,26011.97,12.0,1,0.5788,9.0,3.0,0
71719.36,17505.06,17.0,1,0.2441,16.0,5.0,0
35040.36,20496.53,22.0,1,0.5849,3.0,8.0,0
67544.8,26732.33,13.0,1,0.3958,25.0,1.0,0
79152.01,6107.36,0.0,2,0.0772,20.0,2.0,0
90673.33,14713.4,6.0,0,0.1623,17.0,2.0,0
57496.15,10748.36,7.0,0,0.1869,27.0,4.0,0
54908.16,2457.12,17.0,1,0.0447,17.0,9.0,0
38050.44,17773.68,8.0,1,0.4671,0.0,2.0,0
39327.99,35092.45,0.0,1,0.8923,13.0,11.0,0
54338.03,1000.0,21.0,1,0.0184,7.0,9.0,0
69184.14,14741.76,16.0,3,0.2131,1.0,7.0,0
82839.62,20124.34,18.0,2,0.2429,18.0,10.0,0
39920.53,15984.63,5.0,2,0.4004,14.0,8.0,0
97317.21,14094.98,2.0,0,0.1448,27.0,1.0,0
53221.91,4606.27,23.0,0,0.0865,1.0,5.0,0
59465.82,16862.29,4.0,2,0.2836,3.0,9.0,0
41319.71,8945.89,1.0,0,0.2165,29.0,4.0,0
15000.0,1000.0,19.0,2,0.0667,0.0,2.0,0
82101.13,24556.74,24.0,3,0.2991,18.0,6.0,1
78421.1,22667.09,3.0,3,0.289,20.0,2.0,0
52966.81,15413.29,9.0,1,0.291,9.0,3.0,0
61674.77,16832.6,9.0,2,0.2729,0.0,8.0,0
72898.48,23594.54,23.0,1,0.3237,19.0,3.0,1
20936.35,16794.72,20.0,3,0.8022,21.0,2.0,0
46773.68,22232.14,10.0,2,0.4753,14.0,6.0,0
79856.62,12620.14,15.0,1,0.158,3.0,3.0,0
28642.76,25495.87,16.0,2,0.8901,6.0,1.0,0
67338.95,17566.29,15.0,0,0.2609,29.0,3.0,0
26085.45,16552.42,6.0,1,0.6345,6.0,6.0,0
71660.75,4839.51,15.0,0,0.0675,21.0,3.0,0
59108.96,17295.65,2.0,0,0.2926,24.0,9.0,0
19621.7,8344.36,15.0,2,0.4253,17.0,7.0,0
89118.48,9893.74,7.0,3,0.111,12.0,5.0,0
41635.21,8476.99,11.0,2,0.2036,9.0,2.0,0
39743.69,6470.12,2.0,2,0.1628,23.0,9.0,0
65014.23,31998.17,16.0,0,0.4922,7.0,5.0,0
88715.93,25650.71,20.0,1,0.2891,26.0,7.0,1
34604.45,30362.94,17.0,0,0.8774,9.0,9.0,0
61542.0,5216.84,10.0,1,0.0848,13.0,4.0,0
70720.41,15570.03,3.0,3,0.2202,13.0,9.0,0
77327.64,4651.94,15.0,1,0.0602,26.0,1.0,1
64411.04,9434.44,16.0,0,0.1465,19.0,6.0,0
50824.3,7654.98,8.0,1,0.1506,21.0,2.0,0
39310.24,24916.67,5.0,0,0.6338,10.0,8.0,0
62153.6,11830.16,23.0,0,0.1903,5.0,5.0,0
33196.52,23547.03,19.0,1,0.7093,20.0,3.0,0
15000.0,19832.97,24.0,0,0.95,29.0,2.0,0
70914.0,33429.11,1.0,2,0.4714,0.0,8.0,0
82598.37,3164.45,8.0,0,0.0383,18.0,7.0,0
15000.0,25073.87,20.0,4,0.95,6.0,9.0,0
34756.73,24171.53,5.0,1,0.6954,23.0,8.0,0
75478.86,7212.97,2.0,3,0.0956,17.0,11.0,0
111437.39,23057.07,19.0,0,0.2069,2.0,4.0,0
60519.84,17689.16,5.0,3,0.2923,19.0,2.0,0
41799.93,13180.19,6.0,1,0.3153,29.0,2.0,0
55427.59,8408.52,0.0,2,0.1517,10.0,2.0,0
94371.91,9247.12,22.0,3,0.098,4.0,11.0,0
43850.9,31398.5,0.0,2,0.716,18.0,6.0,0
40020.2,15005.46,4.0,0,0.3749,20.0,7.0,0
47931.41,21257.04,5.0,1,0.4435,23.0,6.0,0
36166.78,8672.8,12.0,2,0.2398,23.0,2.0,0
63066.76,8761.18,1.0,2,0.1389,29.0,4.0,0
100616.96,23655.88,14.0,1,0.2351,1.0,3.0,0
68076.98,4203.39,14.0,0,0.0617,21.0,11.0,0
53691.16,11678.29,12.0,2,0.2175,3.0,4.0,0
52704.72,15272.22,24.0,3,0.2898,24.0,5.0,0
20920.23,15890.98,13.0,5,0.7596,9.0,7.0,0
82077.74,13567.25,21.0,1,0.1653,1.0,9.0,0
58054.07,18166.56,6.0,1,0.3129,7.0,11.0,0
55488.0,20542.85,13.0,1,0.3702,0.0,2.0,0
139827.69,20877.1,23.0,1,0.1493,26.0,8.0,0
67468.82,7113.57,9.0,4,0.1054,5.0,3.0,0
41205.22,12726.76,16.0,1,0.3089,10.0,9.0,0
49341.06,24558.1,13.0,3,0.4977,26.0,10.0,0
88711.14,22157.18,7.0,0,0.2498,29.0,4.0,0
62831.76,4017.12,3.0,1,0.0639,27.0,3.0,0
24043.05,17811.84,15.0,1,0.7408,9.0,10.0,0
82980.72,1000.0,23.0,1,0.0121,12.0,6.0,1
43296.4,15375.48,12.0,1,0.3551,0.0,10.0,0
106832.44,30182.14,21.0,3,0.2825,1.0,9.0,0
87001.2,7416.86,24.0,0,0.0853,2.0,7.0,0
48816.95,8325.42,19.0,3,0.1705,8.0,4.0,0
92025.41,21112.24,17.0,2,0.2294,4.0,3.0,0
61696.39,2657.59,13.0,1,0.0431,9.0,10.0,0
81319.34,9937.96,17.0,3,0.1222,9.0,4.0,0
72118.32,19771.53,4.0,1,0.2742,11.0,3.0,0
38841.08,9925.71,8.0,2,0.2555,17.0,3.0,0
43911.25,13112.24,2.0,1,0.2986,25.0,9.0,0
85749.02,20953.49,7.0,0,0.2444,20.0,4.0,0
51630.62,18372.37,19.0,1,0.3558,20.0,9.0,1
49908.79,17134.55,21.0,1,0.3433,0.0,10.0,0
36121.94,12287.02,9.0,0,0.3402,2.0,5.0,0
70589.98,17960.49,21.0,1,0.2544,4.0,7.0,0
111563.12,14010.14,18.0,1,0.1256,24.0,5.0,0
33311.68,18662.44,20.0,3,0.5602,25.0,1.0,0
60605.49,11024.54,2.0,1,0.1819,16.0,2.0,0
95305.51,13539.45,10.0,1,0.1421,7.0,11.0,0
58008.97,7080.34,10.0,1,0.1221,16.0,5.0,0
71309.29,14719.94,16.0,1,0.2064,8.0,6.0,0
33440.16,8511.99,15.0,1,0.2545,5.0,7.0,0
70707.68,6087.63,6.0,3,0.0861,16.0,2.0,0
55321.39,17069.29,3.0,3,0.3085,7.0,10.0,0
84643.25,16701.92,22.0,1,0.1973,20.0,9.0,1
89684.65,21262.99,18.0,2,0.2371,6.0,6.0,0
124739.09,11551.0,11.0,2,0.0926,6.0,2.0,0
74490.83,18264.42,14.0,5,0.2452,14.0,2.0,0
68144.91,19406.38,10.0,2,0.2848,6.0,3.0,0
64859.61,18558.19,4.0,2,0.2861,21.0,1.0,0
51170.84,8394.77,4.0,2,0.1641,26.0,9.0,0
68462.1,16194.91,14.0,2,0.2366,7.0,10.0,0
52614.96,17913.12,17.0,4,0.3405,8.0,11.0,0
64211.52,15057.43,10.0,1,0.2345,27.0,4.0,0
92939.94,1000.0,11.0,1,0.0108,14.0,5.0,1
34836.44,16283.92,1.0,0,0.4674,1.0,7.0,0
88496.96,32700.25,19.0,6,0.3695,6.0,1.0,0
92927.88,12119.69,14.0,0,0.1304,14.0,3.0,0
57048.29,9175.38,19.0,3,0.1608,17.0,3.0,0
15000.0,17986.79,3.0,1,0.95,21.0,2.0,0
44804.45,17499.03,21.0,1,0.3906,17.0,8.0,0
92424.86,24541.88,17.0,0,0.2655,9.0,5.0,0
59428.3,4937.05,5.0,1,0.0831,21.0,1.0,0
35017.44,20851.04,22.0,1,0.5954,17.0,2.0,0
47380.63,19723.38,18.0,1,0.4163,0.0,1.0,0
81015.5,13862.83,10.0,2,0.1711,6.0,6.0,0
73668.34,17709.5,23.0,3,0.2404,2.0,9.0,0
54026.7,23235.66,1.0,0,0.4301,13.0,11.0,0
50829.39,21978.52,7.0,2,0.4324,11.0,7.0,0
50206.05,5855.85,10.0,2,0.1166,13.0,5.0,0
36939.75,21561.27,4.0,2,0.5837,28.0,3.0,0
100384.39,14482.49,17.0,1,0.1443,3.0,8.0,0
51941.99,15582.99,22.0,1,0.3,12.0,10.0,0
90428.96,15585.58,17.0,0,0.1724,15.0,4.0,0
98032.9,13798.06,13.0,3,0.1407,15.0,9.0,0
84957.77,24533.66,21.0,1,0.2888,21.0,5.0,0
49209.49,14330.26,9.0,1,0.2912,4.0,6.0,0
70093.25,6043.63,2.0,4,0.0862,19.0,5.0,0
59395.11,11851.76,8.0,2,0.1995,24.0,10.0,0
37407.45,16429.56,2.0,6,0.4392,5.0,11.0,0
68108.98,24833.72,10.0,1,0.3646,5.0,7.0,0
30524.01,19824.76,11.0,1,0.6495,17.0,7.0,0
89691.98,8195.72,11.0,2,0.0914,5.0,1.0,0
48384.57,34881.52,2.0,2,0.7209,6.0,2.0,0
65028.99,17118.2,20.0,1,0.2632,23.0,7.0,0
67082.2,25203.13,6.0,2,0.3757,29.0,8.0,0
53527.38,13786.28,13.0,3,0.2576,23.0,4.0,0
74667.35,19266.87,23.0,2,0.258,15.0,6.0,1
48127.41,21715.75,10.0,0,0.4512,8.0,11.0,0
81782.43,24745.56,6.0,1,0.3026,25.0,10.0,0
26350.51,23458.95,24.0,1,0.8903,26.0,3.0,0
63159.49,21977.58,20.0,1,0.348,12.0,7.0,0
108473.22,12479.31,9.0,0,0.115,11.0,11.0,0
34991.72,10426.03,10.0,1,0.298,18.0,3.0,0
43056.38,17660.86,14.0,2,0.4102,25.0,11.0,0
72847.7,22465.02,18.0,1,0.3084,22.0,7.0,0
64489.54,13218.23,15.0,1,0.205,22.0,11.0,0
68765.75,23521.38,21.0,1,0.3421,0.0,11.0,0
72229.68,26620.93,20.0,2,0.3686,7.0,8.0,0
75868.04,7669.43,19.0,0,0.1011,3.0,3.0,0
87742.5,8304.63,11.0,0,0.0946,20.0,2.0,0
70245.47,13877.0,17.0,0,0.1976,29.0,6.0,0
53968.56,17460.9,22.0,2,0.3235,21.0,4.0,0
76814.34,10803.46,12.0,1,0.1406,18.0,8.0,0
107497.05,25817.62,4.0,2,0.2402,20.0,2.0,0
56684.16,18392.53,3.0,0,0.3245,25.0,4.0,0
35636.77,15315.58,13.0,1,0.4298,4.0,2.0,0
87677.02,3512.72,7.0,2,0.0401,16.0,2.0,0
56990.47,4473.47,8.0,3,0.0785,2.0,2.0,0
15000.0,17248.07,24.0,3,0.95,18.0,1.0,0
81185.54,1000.0,18.0,2,0.0123,0.0,4.0,0
46616.8,23101.1,2.0,0,0.4956,28.0,2.0,0
57736.67,13734.77,4.0,1,0.2379,22.0,9.0,0
68299.51,40944.74,20.0,3,0.5995,0.0,9.0,0
64762.49,33463.33,17.0,2,0.5167,22.0,11.0,0
77736.3,13548.41,0.0,0,0.1743,19.0,11.0,0
49112.84,14149.3,7.0,2,0.2881,8.0,7.0,0
72827.64,22964.65,18.0,4,0.3153,22.0,6.0,0
53511.33,28625.38,16.0,3,0.5349,4.0,3.0,0
78470.26,1895.77,16.0,1,0.0242,6.0,7.0,0
75384.19,1000.0,10.0,3,0.0133,24.0,1.0,0
36614.03,10023.72,1.0,0,0.2738,25.0,9.0,0
87149.55,19661.9,5.0,3,0.2256,5.0,4.0,0
46600.91,18974.99,21.0,1,0.4072,16.0,6.0,0
80201.44,23558.17,13.0,1,0.2937,21.0,6.0,0
69182.18,5402.42,2.0,4,0.0781,16.0,11.0,0
105954.59,1000.0,11.0,2,0.01,12.0,3.0,0
54413.35,21864.11,3.0,5,0.4018,11.0,4.0,0
51267.08,8374.43,11.0,3,0.1633,3.0,11.0,0
59514.51,1000.0,12.0,2,0.0168,29.0,10.0,0
52420.51,16160.51,1.0,0,0.3083,7.0,3.0,0
79998.55,21345.41,1.0,2,0.2668,4.0,6.0,0
19592.23,14023.54,14.0,2,0.7158,4.0,1.0,0
33657.94,11337.21,22.0,1,0.3368,12.0,8.0,1
33304.93,13725.1,16.0,3,0.4121,25.0,8.0,0
83757.69,12035.34,6.0,1,0.1437,10.0,9.0,0
102765.33,4215.62,13.0,0,0.041,7.0,6.0,0
57388.77,9282.55,11.0,3,0.1617,7.0,1.0,0
55779.46,19170.24,16.0,4,0.3437,0.0,3.0,0
61751.3,17573.43,13.0,1,0.2846,12.0,1.0,0
89046.96,16344.48,5.0,1,0.1835,28.0,5.0,0
36816.17,7038.81,18.0,3,0.1912,4.0,3.0,0
65959.22,13547.97,23.0,0,0.2054,27.0,2.0,1
84379.94,1000.0,5.0,1,0.0119,20.0,3.0,0
72527.35,16427.81,17.0,5,0.2265,7.0,9.0,0
64739.54,26430.86,23.0,0,0.4083,16.0,11.0,0
85026.15,3206.94,4.0,2,0.0377,22.0,8.0,0
15000.0,10312.58,23.0,0,0.6875,22.0,3.0,0
76946.88,17632.85,23.0,1,0.2292,12.0,11.0,1
43648.11,25022.74,5.0,4,0.5733,8.0,2.0,0
15000.0,11414.2,1.0,4,0.7609,1.0,5.0,0
72780.06,9462.0,7.0,0,0.13,18.0,1.0,0
94341.46,1000.0,14.0,7,0.0106,19.0,4.0,0
56563.79,15827.51,14.0,2,0.2798,16.0,8.0,0
83821.86,31336.61,10.0,2,0.3738,6.0,1.0,0
100306.96,17218.87,21.0,1,0.1717,29.0,5.0,0
92872.86,14821.77,21.0,3,0.1596,25.0,4.0,0
100999.11,17576.66,23.0,0,0.174,2.0,6.0,0
78553.19,14911.26,0.0,1,0.1898,18.0,7.0,0
61885.84,8495.89,17.0,0,0.1373,18.0,9.0,1
19950.85,21586.24,11.0,1,0.95,23.0,1.0,0
53848.44,16806.09,11.0,0,0.3121,8.0,11.0,0
38918.84,15140.91,24.0,0,0.389,9.0,10.0,0
114273.57,7197.07,10.0,0,0.063,28.0,4.0,0
55602.85,25428.06,7.0,3,0.4573,13.0,6.0,0
63080.12,20317.62,6.0,1,0.3221,17.0,10.0,0
73787.13,10576.63,22.0,2,0.1433,25.0,7.0,0
61090.06,23014.6,20.0,1,0.3767,14.0,7.0,0
102376.28,11019.43,1.0,1,0.1076,25.0,8.0,0
44433.77,8743.97,10.0,1,0.1968,0.0,10.0,0
64865.19,8922.38,21.0,1,0.1376,29.0,8.0,0
41438.24,1000.0,9.0,1,0.0241,24.0,8.0,0
26999.44,18772.34,2.0,5,0.6953,5.0,8.0,0
44705.77,1000.0,19.0,0,0.0224,29.0,8.0,0
59074.08,5172.45,9.0,1,0.0876,14.0,6.0,0
49267.44,1000.0,17.0,1,0.0203,24.0,9.0,0
42689.48,14311.44,13.0,2,0.3352,5.0,3.0,0
24842.06,13797.44,17.0,1,0.5554,17.0,6.0,0
57922.36,12386.43,23.0,1,0.2138,0.0,5.0,0
22381.99,6659.38,7.0,3,0.2975,29.0,8.0,0
79001.4,5622.13,9.0,1,0.0712,23.0,4.0,0
62060.99,18714.96,21.0,0,0.3016,2.0,4.0,0
23561.21,10595.58,12.0,1,0.4497,16.0,10.0,0
52269.77,17530.87,20.0,1,0.3354,15.0,11.0,0
41196.09,7918.01,7.0,3,0.1922,7.0,10.0,0
67979.36,16448.5,3.0,1,0.242,27.0,5.0,0
93511.26,25426.22,3.0,2,0.2719,16.0,11.0,0
15000.0,19689.33,4.0,2,0.95,7.0,6.0,0
62875.65,11700.69,0.0,0,0.1861,16.0,11.0,0
55996.68,17057.59,16.0,2,0.3046,24.0,4.0,0
76783.5,13074.68,1.0,0,0.1703,29.0,2.0,0
65329.92,15063.04,7.0,0,0.2306,8.0,2.0,0
41200.77,12395.11,6.0,1,0.3008,11.0,3.0,0
52023.65,13685.32,14.0,2,0.2631,28.0,2.0,0
40099.35,16696.75,24.0,3,0.4164,24.0,1.0,0
86900.18,7053.13,4.0,2,0.0812,18.0,8.0,0
60532.79,6872.97,1.0,1,0.1135,3.0,5.0,0
107529.77,3891.66,6.0,1,0.0362,20.0,10.0,0
58483.48,2197.83,7.0,2,0.0376,21.0,1.0,0
42289.83,5261.74,6.0,0,0.1244,24.0,9.0,0
22157.14,16275.7,6.0,2,0.7346,28.0,8.0,0
15000.0,7857.7,13.0,3,0.5238,10.0,4.0,0
20396.6,19108.92,20.0,2,0.9369,27.0,8.0,0
66678.17,15277.71,17.0,2,0.2291,3.0,10.0,0
72718.13,1000.0,5.0,0,0.0138,13.0,7.0,0
20470.23,20239.8,3.0,0,0.95,13.0,11.0,0
82375.96,21486.39,9.0,2,0.2608,5.0,11.0,0
47923.47,7049.1,17.0,0,0.1471,28.0,7.0,0
63669.83,18361.53,11.0,5,0.2884,16.0,1.0,0
100305.52,8148.01,15.0,0,0.0812,1.0,6.0,0
82420.98,15781.36,24.0,0,0.1915,7.0,4.0,1
53286.73,4884.01,6.0,2,0.0917,3.0,10.0,0
37720.19,1000.0,5.0,2,0.0265,9.0,10.0,0
15000.0,11937.46,4.0,0,0.7958,6.0,10.0,0
42021.17,14010.17,2.0,1,0.3334,3.0,11.0,0
54721.74,11818.56,11.0,2,0.216,15.0,2.0,0
35320.51,5527.76,14.0,2,0.1565,13.0,10.0,0
56718.58,11800.81,9.0,2,0.2081,15.0,7.0,0
61921.3,17154.36,19.0,1,0.277,24.0,9.0,0
54378.6,14640.86,18.0,4,0.2692,8.0,5.0,0
43749.94,16460.01,15.0,4,0.3762,3.0,8.0,0
64216.37,9639.08,10.0,0,0.1501,28.0,5.0,0
71048.52,24373.74,7.0,1,0.3431,23.0,7.0,0
32740.02,5590.61,2.0,0,0.1708,5.0,7.0,0
95273.31,18900.48,22.0,1,0.1984,0.0,9.0,1
57535.3,24455.13,6.0,2,0.425,6.0,3.0,0
60471.24,18847.26,22.0,3,0.3117,0.0,1.0,0
77705.36,13379.81,6.0,0,0.1722,18.0,2.0,0
65830.4,10773.62,13.0,1,0.1637,7.0,6.0,1
83828.42,23288.7,1.0,4,0.2778,24.0,10.0,0
67178.1,3616.2,9.0,2,0.0538,2.0,10.0,0
44689.07,7239.01,18.0,2,0.162,0.0,9.0,0
69037.59,11819.54,8.0,4,0.1712,0.0,3.0,0
31406.84,24901.23,15.0,1,0.7929,6.0,10.0,0
62713.99,18038.14,18.0,2,0.2876,20.0,2.0,0
59169.25,7255.63,17.0,2,0.1226,12.0,11.0,0
54797.08,12517.54,8.0,3,0.2284,29.0,1.0,0
56786.56,10085.41,15.0,0,0.1776,0.0,2.0,0
15000.0,9321.69,12.0,1,0.6214,15.0,3.0,0
46281.88,22831.12,9.0,1,0.4933,21.0,7.0,0
62321.12,4026.05,24.0,2,0.0646,29.0,2.0,1
63996.41,27870.25,19.0,0,0.4355,21.0,5.0,0
34308.12,21625.84,13.0,2,0.6303,13.0,2.0,0
91642.7,23726.89,11.0,2,0.2589,3.0,7.0,0
38345.63,11296.48,24.0,1,0.2946,22.0,10.0,0
84236.43,13800.47,18.0,2,0.1638,22.0,8.0,0
70679.86,3534.79,6.0,2,0.05,11.0,8.0,0
43844.32,10802.7,22.0,1,0.2464,24.0,8.0,0
104382.77,18949.24,14.0,2,0.1815,11.0,10.0,0
30159.08,25368.5,15.0,1,0.8412,16.0,9.0,0
82978.85,6142.75,7.0,2,0.074,20.0,1.0,0
85014.56,12075.95,9.0,0,0.142,14.0,1.0,0
43234.49,13789.61,3.0,0,0.3189,9.0,10.0,0
94811.63,3833.69,18.0,0,0.0404,2.0,2.0,0
53748.84,19730.79,18.0,0,0.3671,22.0,11.0,0
67217.34,9208.08,20.0,1,0.137,19.0,6.0,0
66508.05,13436.88,14.0,3,0.202,19.0,1.0,0
56642.28,11384.41,13.0,1,0.201,28.0,5.0,0
80270.21,8685.29,0.0,2,0.1082,11.0,5.0,0
79837.22,14943.64,15.0,0,0.1872,0.0,4.0,0
16286.7,13275.12,9.0,1,0.8151,0.0,11.0,0
92608.51,12025.14,18.0,2,0.1298,9.0,5.0,0
18437.7,9172.31,21.0,0,0.4975,17.0,1.0,0
85813.66,17556.2,2.0,2,0.2046,14.0,11.0,0
88167.63,28228.94,4.0,2,0.3202,1.0,11.0,0
32725.84,16119.1,8.0,0,0.4925,16.0,6.0,0
49729.64,22968.95,17.0,1,0.4619,7.0,7.0,0
32357.38,3878.22,10.0,2,0.1199,21.0,8.0,0
54626.97,16262.09,15.0,3,0.2977,21.0,2.0,0
52299.14,6221.05,1.0,2,0.119,25.0,7.0,0
79491.51,3184.6,11.0,1,0.0401,25.0,6.0,0
92757.72,9085.03,21.0,0,0.0979,8.0,9.0,1
94892.1,24535.19,5.0,0,0.2586,20.0,8.0,0
45945.8,22600.13,10.0,2,0.4919,19.0,11.0,0
54769.45,16944.04,7.0,1,0.3094,10.0,4.0,0
17914.05,2738.4,11.0,1,0.1529,5.0,9.0,0
39853.25,13429.75,1.0,1,0.337,23.0,1.0,0
84121.29,17413.6,8.0,1,0.207,13.0,11.0,0
100389.57,16404.29,14.0,1,0.1634,0.0,6.0,0
29141.28,1000.0,1.0,0,0.0343,6.0,8.0,0
45188.39,7877.46,0.0,3,0.1743,23.0,11.0,0
59339.86,14487.38,9.0,2,0.2441,8.0,11.0,0
67004.03,19290.33,1.0,2,0.2879,10.0,4.0,0
39759.91,1000.0,11.0,1,0.0252,23.0,2.0,0
70601.53,13703.01,22.0,0,0.1941,22.0,11.0,0
48154.02,16144.39,7.0,2,0.3353,15.0,2.0,0
59638.69,21796.9,4.0,2,0.3655,18.0,10.0,0
73657.11,20542.86,21.0,2,0.2789,1.0,1.0,0
60160.56,19660.57,0.0,3,0.3268,14.0,5.0,0
49090.35,8600.48,14.0,3,0.1752,2.0,6.0,0
57259.75,1000.0,5.0,1,0.0175,3.0,4.0,0
57790.93,11855.58,11.0,0,0.2051,19.0,4.0,0
50749.72,23013.05,7.0,0,0.4535,21.0,5.0,0
53530.1,26147.64,12.0,4,0.4885,27.0,5.0,0
99966.18,20684.39,18.0,2,0.2069,6.0,9.0,0
74022.99,18434.73,0.0,2,0.249,11.0,8.0,0
52612.99,18037.12,10.0,2,0.3428,3.0,9.0,0
77423.86,10551.05,19.0,1,0.1363,9.0,3.0,0
51654.51,13959.52,0.0,0,0.2702,5.0,3.0,0
89328.12,28352.56,7.0,4,0.3174,24.0,1.0,0
69241.05,7459.54,4.0,3,0.1077,29.0,10.0,0
57317.45,27918.23,16.0,4,0.4871,21.0,6.0,0
71192.92,12423.77,7.0,2,0.1745,13.0,4.0,0
20728.1,25603.46,24.0,2,0.95,2.0,11.0,0
31830.81,3745.48,9.0,1,0.1177,16.0,8.0,0
30151.87,19687.23,1.0,2,0.6529,10.0,2.0,0
63573.58,9105.84,8.0,1,0.1432,9.0,11.0,0
103312.87,3677.86,23.0,4,0.0356,25.0,2.0,0
115782.5,16748.27,22.0,2,0.1447,28.0,7.0,0
75951.28,23075.77,2.0,4,0.3038,20.0,5.0,0
72521.11,8240.47,17.0,1,0.1136,9.0,1.0,0
15000.0,3007.87,6.0,1,0.2005,9.0,7.0,0
46433.16,14265.24,14.0,0,0.3072,2.0,7.0,0
40305.41,14300.52,20.0,0,0.3548,23.0,10.0,0
44478.81,19386.56,21.0,0,0.4359,25.0,6.0,0
55796.4,22596.76,19.0,3,0.405,14.0,4.0,0
48197.74,14524.68,17.0,2,0.3014,16.0,8.0,0
15000.0,29844.03,24.0,2,0.95,26.0,11.0,0
78697.76,16793.88,2.0,2,0.2134,17.0,2.0,0
33181.42,12228.59,22.0,0,0.3685,18.0,2.0,0
65981.17,2107.46,13.0,0,0.0319,18.0,2.0,1
111852.07,12898.72,23.0,1,0.1153,11.0,3.0,1
37015.39,12308.9,1.0,1,0.3325,23.0,6.0,0
15000.0,22682.44,13.0,2,0.95,4.0,1.0,0
52849.89,18699.87,21.0,1,0.3538,23.0,11.0,0
87523.99,5565.05,10.0,1,0.0636,26.0,2.0,0
108958.69,16378.04,15.0,0,0.1503,15.0,10.0,0
29261.26,20372.25,7.0,3,0.6962,29.0,2.0,0
72417.48,27224.25,6.0,2,0.3759,14.0,1.0,0
48367.24,22100.03,10.0,3,0.4569,14.0,3.0,0
57351.29,21086.77,2.0,2,0.3677,26.0,10.0,0
126108.58,15480.69,16.0,1,0.1228,5.0,7.0,0
22425.74,18106.5,13.0,1,0.8074,11.0,1.0,0
66343.49,24996.04,5.0,3,0.3768,1.0,7.0,0
71692.33,4337.78,7.0,3,0.0605,26.0,5.0,0
87144.66,12204.49,21.0,0,0.14,19.0,9.0,1
62449.58,8819.45,4.0,2,0.1412,8.0,2.0,0
67701.26,18033.22,7.0,2,0.2664,3.0,1.0,0
50208.79,24841.78,1.0,0,0.4948,4.0,9.0,0
66728.17,10224.21,14.0,2,0.1532,20.0,8.0,0
51420.19,1000.0,11.0,3,0.0194,25.0,10.0,0
75539.3,11702.23,16.0,1,0.1549,7.0,6.0,0
50759.74,22307.79,0.0,2,0.4395,21.0,5.0,0
69427.51,19301.04,14.0,3,0.278,9.0,8.0,0
59268.43,18425.49,13.0,2,0.3109,6.0,8.0,0
88151.26,12760.05,19.0,1,0.1448,21.0,5.0,0
58715.16,4767.75,21.0,1,0.0812,13.0,7.0,1
15674.19,19122.35,15.0,2,0.95,29.0,1.0,0
91548.04,8325.75,8.0,3,0.0909,29.0,4.0,0
37356.69,32472.77,0.0,1,0.8693,4.0,2.0,0
43655.84,19564.06,16.0,2,0.4481,15.0,10.0,0
45108.47,10354.81,12.0,2,0.2296,14.0,3.0,0
94360.95,10108.92,20.0,2,0.1071,4.0,1.0,1
15000.0,14256.45,20.0,3,0.95,2.0,11.0,0
138443.71,13083.98,4.0,2,0.0945,22.0,11.0,1
86401.42,23934.67,9.0,2,0.277,28.0,2.0,0
65580.97,16491.33,5.0,1,0.2515,9.0,1.0,0
58627.65,9146.95,23.0,0,0.156,4.0,8.0,0
67138.85,30123.53,18.0,0,0.4487,22.0,4.0,0
73028.06,15394.47,24.0,1,0.2108,14.0,3.0,0
76130.39,21150.72,12.0,5,0.2778,17.0,1.0,0
73890.11,10134.19,0.0,3,0.1372,24.0,2.0,0
62239.52,17904.93,19.0,4,0.2877,7.0,3.0,0
55066.54,17488.88,24.0,1,0.3176,20.0,3.0,0
56218.17,1000.0,14.0,1,0.0178,1.0,6.0,0
55127.29,31122.2,13.0,2,0.5646,21.0,10.0,0
88344.25,25325.16,7.0,0,0.2867,7.0,8.0,0
74838.92,11822.44,9.0,1,0.158,22.0,6.0,0
15000.0,6181.84,8.0,1,0.4121,7.0,2.0,0
76397.52,17780.49,16.0,1,0.2327,3.0,2.0,1
64868.4,15693.58,8.0,1,0.2419,29.0,7.0,0
59532.28,17845.35,2.0,2,0.2998,18.0,1.0,0
50287.04,16532.62,10.0,3,0.3288,22.0,1.0,0
88102.82,19049.93,11.0,0,0.2162,17.0,7.0,0
83688.16,26578.45,9.0,1,0.3176,29.0,9.0,0
40678.06,19544.83,24.0,2,0.4805,20.0,5.0,0
70176.31,6602.76,16.0,1,0.0941,28.0,11.0,0
35708.58,25900.5,16.0,2,0.7253,22.0,1.0,0
25509.55,28124.92,24.0,1,0.95,0.0,5.0,0
44332.07,40216.45,10.0,3,0.9072,19.0,11.0,0
81559.84,6012.05,21.0,3,0.0737,14.0,1.0,1
83828.13,16943.06,3.0,2,0.2021,17.0,10.0,0
72827.14,1000.0,6.0,0,0.0137,21.0,9.0,0
78127.39,19425.19,20.0,1,0.2486,11.0,4.0,0
72904.46,10614.4,13.0,3,0.1456,0.0,9.0,0
43962.96,30387.57,6.0,1,0.6912,6.0,2.0,0
70798.06,8803.08,23.0,1,0.1243,18.0,7.0,1
80010.24,1486.54,7.0,1,0.0186,27.0,2.0,0
78857.28,11229.89,0.0,2,0.1424,0.0,4.0,0
89722.83,1000.0,23.0,2,0.0111,23.0,6.0,0
77707.6,21008.8,21.0,3,0.2704,6.0,2.0,0
68786.21,1000.0,3.0,1,0.0145,1.0,2.0,0
86753.76,15227.66,11.0,2,0.1755,6.0,2.0,0
59336.97,1000.0,23.0,1,0.0169,18.0,3.0,1
37953.13,12437.62,2.0,2,0.3277,12.0,5.0,0
55923.33,28147.03,12.0,2,0.5033,24.0,9.0,0
41377.43,17885.18,19.0,2,0.4322,23.0,6.0,0
